document_id,ID,topic_id,probability
0,3756,0,0.040292345
0,3756,1,0.010047628
0,3756,2,0.12516151
0,3756,3,0.016897777
0,3756,4,0.8076007
1,3747,0,0.045210224
1,3747,1,0.010044268
1,3747,2,0.029406205
1,3747,3,0.89982986
1,3747,4,0.01550944
2,3748,0,0.121209845
2,3748,1,0.019843148
2,3748,2,0.38292912
2,3748,3,0.44536638
2,3748,4,0.03065154
3,3732,0,0.17883301
3,3732,1,0.019839272
3,3732,2,0.062379695
3,3732,3,0.03413191
3,3732,4,0.70481616
4,3726,0,0.15057455
4,3726,2,0.59731686
4,3726,3,0.108532265
4,3726,4,0.13680157
5,3707,0,0.2507947
5,3707,1,0.06255404
5,3707,2,0.48499575
5,3707,3,0.10505239
5,3707,4,0.09660313
6,3708,0,0.15526737
6,3708,1,0.038726866
6,3708,2,0.6811611
6,3708,3,0.06503778
6,3708,4,0.05980685
7,3711,0,0.2765794
7,3711,1,0.038729366
7,3711,2,0.55983245
7,3711,3,0.06504519
7,3711,4,0.059813507
8,3693,0,0.17316681
8,3693,1,0.03873576
8,3693,2,0.6632042
8,3693,3,0.06506344
8,3693,4,0.059829768
9,3689,0,0.5484995
9,3689,1,0.06255272
9,3689,2,0.17740986
9,3689,3,0.10504994
9,3689,4,0.106488
10,3692,0,0.19629005
10,3692,1,0.021988418
10,3692,2,0.42546216
10,3692,3,0.32229406
10,3692,4,0.033965223
11,3674,0,0.2057786
11,3674,1,0.6783022
11,3674,2,0.055115193
11,3674,3,0.032889035
11,3674,4,0.027914874
12,3682,0,0.04593085
12,3682,1,0.9195417
12,3682,2,0.016774317
13,3667,0,0.23499167
13,3667,1,0.032542925
13,3667,2,0.24762213
13,3667,3,0.059720863
13,3667,4,0.4251224
14,3668,0,0.026993813
14,3668,1,0.93190926
14,3668,2,0.01989329
14,3668,3,0.011025158
14,3668,4,0.010178451
15,3648,0,0.023603415
15,3648,2,0.35480636
15,3648,3,0.07908786
15,3648,4,0.537679
16,3619,0,0.06141415
16,3619,1,0.0142981075
16,3619,2,0.8778324
16,3619,3,0.024377473
16,3619,4,0.02207782
17,3625,0,0.040345766
17,3625,1,0.010060511
17,3625,2,0.86571765
17,3625,3,0.06758213
17,3625,4,0.016293926
18,3627,0,0.6820349
18,3627,1,0.024658171
18,3627,2,0.21222131
18,3627,3,0.042992357
18,3627,4,0.038093206
19,3628,0,0.08048895
19,3628,2,0.15193139
19,3628,3,0.72387093
19,3628,4,0.04126071
20,3629,0,0.63355595
20,3629,1,0.032533243
20,3629,2,0.2102507
20,3629,3,0.05797868
20,3629,4,0.06568141
21,3631,0,0.7246333
21,3631,1,0.038731985
21,3631,2,0.10987744
21,3631,3,0.06693713
21,3631,4,0.059820175
22,3632,0,0.37195516
22,3632,1,0.16049562
22,3632,2,0.40809387
22,3632,3,0.031540677
22,3632,4,0.027914606
23,3633,0,0.38527083
23,3633,1,0.028805748
23,3633,2,0.08059411
23,3633,3,0.0508779
23,3633,4,0.4544514
24,3634,0,0.028278995
24,3634,2,0.2615307
24,3634,3,0.011593881
24,3634,4,0.691859
25,3635,0,0.013842
25,3635,2,0.9717568
26,3638,0,0.014082792
26,3638,2,0.9705835
27,3640,0,0.028112635
27,3640,2,0.7524366
27,3640,3,0.12002971
27,3640,4,0.09246523
28,3646,0,0.020619217
28,3646,2,0.4281879
28,3646,3,0.061982002
28,3646,4,0.4848704
29,3613,0,0.045126084
29,3613,1,0.88300055
29,3613,2,0.035003603
29,3613,3,0.019122593
29,3613,4,0.017747186
30,3602,0,0.36218905
30,3602,1,0.090344585
30,3602,2,0.25622615
30,3602,3,0.15172145
30,3602,4,0.13951877
31,3562,0,0.209454
31,3562,1,0.26798645
31,3562,2,0.13591151
31,3562,3,0.3126832
31,3562,4,0.07396487
32,3573,0,0.73809123
32,3573,1,0.019843305
32,3573,2,0.07521003
32,3573,3,0.034233615
32,3573,4,0.13262184
33,3574,0,0.11888504
33,3574,1,0.34703314
33,3574,2,0.46320534
33,3574,3,0.036921155
33,3574,4,0.033955257
34,3575,0,0.11433088
34,3575,1,0.21435775
34,3575,2,0.588721
34,3575,3,0.04436266
34,3575,4,0.03822766
35,3577,0,0.7358369
35,3577,1,0.13003169
35,3577,2,0.06315251
35,3577,3,0.03702712
35,3577,4,0.033951733
36,3548,0,0.76713324
36,3548,1,0.016603066
36,3548,2,0.15538806
36,3548,3,0.031465143
36,3548,4,0.02941047
37,3551,0,0.19186315
37,3551,1,0.047842085
37,3551,2,0.3710329
37,3551,3,0.080351666
37,3551,4,0.30891028
38,3552,0,0.10406424
38,3552,1,0.024678783
38,3552,2,0.7896975
38,3552,3,0.043486714
38,3552,4,0.038072735
39,3534,0,0.026890375
39,3534,2,0.77540904
39,3534,3,0.011147784
39,3534,4,0.18003275
40,3535,0,0.038400188
40,3535,2,0.834819
40,3535,3,0.09484913
40,3535,4,0.02784673
41,3536,0,0.02839464
41,3536,2,0.42905095
41,3536,3,0.12289519
41,3536,4,0.4131413
42,3537,0,0.31978753
42,3537,1,0.29939488
42,3537,2,0.24383958
42,3537,3,0.09537585
42,3537,4,0.041602157
43,3539,0,0.05641886
43,3539,2,0.046931066
43,3539,3,0.8860376
44,3521,0,0.5036873
44,3521,1,0.04990707
44,3521,2,0.34030667
44,3521,3,0.09442173
44,3521,4,0.011677178
45,3527,0,0.05837432
45,3527,2,0.8882188
45,3527,3,0.037682716
46,3468,0,0.1527121
46,3468,1,0.17832859
46,3468,2,0.5640639
46,3468,3,0.054645523
46,3468,4,0.05024987
47,3470,0,0.43054155
47,3470,1,0.028195597
47,3470,2,0.44894394
47,3470,3,0.049004365
47,3470,4,0.043314584
48,3484,0,0.7694681
48,3484,1,0.01181551
48,3484,2,0.11033081
48,3484,3,0.090170234
48,3484,4,0.018215409
49,3486,0,0.2508645
49,3486,1,0.06255814
49,3486,2,0.17744967
49,3486,3,0.105065875
49,3486,4,0.4040618
50,3487,0,0.5583735
50,3487,1,0.062553585
50,3487,2,0.17741565
50,3487,3,0.105054215
50,3487,4,0.096603
51,3413,0,0.14173427
51,3413,2,0.8354085
52,3415,0,0.026540477
52,3415,1,0.1048102
52,3415,2,0.417006
52,3415,4,0.4429158
53,3418,0,0.36218905
53,3418,1,0.090344585
53,3418,2,0.25622615
53,3418,3,0.15172145
53,3418,4,0.13951877
54,3407,0,0.7366805
54,3407,1,0.022002941
54,3407,2,0.062390476
54,3407,3,0.14496069
54,3407,4,0.033965442
55,3400,0,0.09204082
55,3400,2,0.7977701
55,3400,3,0.09239041
55,3400,4,0.010758327
56,3399,0,0.27002987
56,3399,1,0.024651079
56,3399,2,0.62584054
56,3399,3,0.041403964
56,3399,4,0.03807458
57,3377,0,0.11289304
57,3377,1,0.028357254
57,3377,2,0.09137059
57,3377,3,0.4578165
57,3377,4,0.3095626
58,3380,0,0.08925665
58,3380,1,0.021992214
58,3380,2,0.07689338
58,3380,3,0.7748509
58,3380,4,0.037006922
59,3372,0,0.13787176
59,3372,1,0.028049152
59,3372,2,0.74364793
59,3372,3,0.047110233
59,3372,4,0.04332086
60,3359,0,0.55838037
60,3359,1,0.06255312
60,3359,2,0.17741334
60,3359,3,0.10505104
60,3359,4,0.09660211
61,3317,0,0.55838037
61,3317,1,0.06255312
61,3317,2,0.17741334
61,3317,3,0.10505104
61,3317,4,0.096602105
62,3318,0,0.21214712
62,3318,2,0.102758855
62,3318,3,0.6132993
62,3318,4,0.06979799
63,3320,0,0.076992266
63,3320,1,0.8295762
63,3320,2,0.04049268
63,3320,3,0.029915608
63,3320,4,0.023023276
64,3321,0,0.08991747
64,3321,1,0.02198378
64,3321,2,0.0623621
64,3321,3,0.036922697
64,3321,4,0.788814
65,3324,0,0.55838037
65,3324,1,0.06255312
65,3324,2,0.17741334
65,3324,3,0.10505104
65,3324,4,0.096602105
66,3331,0,0.25025916
66,3331,1,0.018082373
66,3331,2,0.05132242
66,3331,3,0.030377412
66,3331,4,0.6499586
67,3309,0,0.24157348
67,3309,1,0.024659082
67,3309,2,0.65425026
67,3309,3,0.04142504
67,3309,4,0.03809222
68,3312,0,0.24261062
68,3312,1,0.028060863
68,3312,2,0.63051456
68,3312,3,0.05546185
68,3312,4,0.043352056
69,3313,0,0.19235428
69,3313,1,0.04787601
69,3313,2,0.1523281
69,3313,3,0.53346604
69,3313,4,0.073975585
70,3314,0,0.19185723
70,3314,1,0.04784149
70,3314,2,0.37100324
70,3314,3,0.31540978
70,3314,4,0.07388821
71,3315,0,0.36218905
71,3315,1,0.090344585
71,3315,2,0.25622615
71,3315,3,0.15172145
71,3315,4,0.13951877
72,3276,0,0.5450414
72,3276,1,0.1838929
72,3276,2,0.22742052
72,3276,3,0.02026504
72,3276,4,0.023380162
73,3294,0,0.8014872
73,3294,1,0.028203951
73,3294,2,0.07981853
73,3294,3,0.04714138
73,3294,4,0.04334893
74,3261,0,0.32982966
74,3261,2,0.208922
74,3261,3,0.44560724
75,3265,0,0.06162918
75,3265,1,0.10089888
75,3265,2,0.46994922
75,3265,3,0.3438057
75,3265,4,0.023717083
76,3269,0,0.05730672
76,3269,1,0.014335149
76,3269,2,0.5840659
76,3269,3,0.32223848
76,3269,4,0.022053704
77,3238,0,0.09058376
77,3238,1,0.021983372
77,3238,2,0.06327614
77,3238,3,0.037868787
77,3238,4,0.7862879
78,3215,0,0.36218905
78,3215,1,0.090344585
78,3215,2,0.25622615
78,3215,3,0.15172145
78,3215,4,0.13951877
79,3216,0,0.2509774
79,3216,1,0.06256581
79,3216,2,0.48473012
79,3216,3,0.105088
79,3216,4,0.09663872
80,3217,0,0.042796623
80,3217,1,0.85400724
80,3217,2,0.030105123
80,3217,3,0.018110996
80,3217,4,0.054979973
81,3205,0,0.17742968
81,3205,1,0.6533606
81,3205,2,0.13771611
81,3205,3,0.01887401
81,3205,4,0.012619678
82,3214,0,0.17381656
82,3214,2,0.76443887
82,3214,3,0.04502454
82,3214,4,0.010272527
83,3196,0,0.24303307
83,3196,1,0.01984327
83,3196,2,0.29470572
83,3196,3,0.4115578
83,3196,4,0.030860148
84,3199,0,0.09497291
84,3199,1,0.019854043
84,3199,2,0.091207035
84,3199,3,0.042095438
84,3199,4,0.7518706
85,3201,0,0.15544683
85,3201,1,0.03873518
85,3201,2,0.68091357
85,3201,3,0.065061904
85,3201,4,0.059842404
86,3147,0,0.6534096
86,3147,1,0.026901115
86,3147,2,0.12589878
86,3147,3,0.1865004
87,3124,0,0.82261753
87,3124,1,0.014304353
87,3124,2,0.1170724
87,3124,3,0.02396662
87,3124,4,0.022039048
88,3073,0,0.16216582
88,3073,1,0.11624031
88,3073,2,0.25508177
88,3073,3,0.37776676
88,3073,4,0.088745385
89,3076,0,0.25079548
89,3076,1,0.062553674
89,3076,2,0.48499468
89,3076,3,0.10505289
89,3076,4,0.09660332
90,3077,0,0.5175203
90,3077,3,0.46583897
91,3081,0,0.04616986
91,3081,1,0.82683706
91,3081,2,0.03310802
91,3081,3,0.018945519
91,3081,4,0.07493949
92,3090,0,0.09905688
92,3090,1,0.024661321
92,3090,2,0.19158275
92,3090,3,0.64658856
92,3090,4,0.038110547
93,3103,0,0.89433265
93,3103,1,0.0142716905
93,3103,2,0.04254642
93,3103,3,0.026569
93,3103,4,0.022280231
94,3047,0,0.35148504
94,3047,2,0.17639083
94,3047,3,0.23732843
94,3047,4,0.2270357
95,3030,0,0.8552064
95,3030,1,0.019843195
95,3030,2,0.05631107
95,3030,3,0.033655755
95,3030,4,0.03498361
96,3022,0,0.83426964
96,3022,1,0.019851508
96,3022,2,0.07085239
96,3022,3,0.044078
96,3022,4,0.030948488
97,3012,0,0.13339072
97,3012,1,0.5588255
97,3012,2,0.21671088
97,3012,3,0.047752623
97,3012,4,0.043320302
98,3006,0,0.09363729
98,3006,1,0.84771645
98,3006,2,0.027645487
98,3006,3,0.016075782
98,3006,4,0.0149249965
99,2975,0,0.06409868
99,2975,1,0.010090338
99,2975,2,0.028490089
99,2975,3,0.88177854
99,2975,4,0.015542411
100,2937,0,0.19937688
100,2937,1,0.11680606
100,2937,2,0.47376573
100,2937,4,0.20477913
101,2941,0,0.62784755
101,2941,1,0.024646359
101,2941,2,0.26537693
101,2941,3,0.042956028
101,2941,4,0.0391731
102,2942,0,0.18760753
102,2942,1,0.5598051
102,2942,2,0.1909568
102,2942,3,0.033712577
102,2942,4,0.027917998
103,2917,0,0.063906595
103,2917,1,0.112345934
103,2917,2,0.64402914
103,2917,3,0.09863389
103,2917,4,0.08108445
104,2919,0,0.112706006
104,2919,1,0.028063327
104,2919,2,0.76784676
104,2919,3,0.04802652
104,2919,4,0.04335737
105,2922,0,0.08342243
105,2922,1,0.04655256
105,2922,2,0.029217666
105,2922,3,0.8286129
105,2922,4,0.012194434
106,2903,0,0.55838037
106,2903,1,0.06255313
106,2903,2,0.17741334
106,2903,3,0.10505104
106,2903,4,0.09660211
107,2904,0,0.0909449
107,2904,1,0.7582163
107,2904,2,0.031720795
107,2904,3,0.10313836
107,2904,4,0.015979664
108,2905,0,0.36218905
108,2905,1,0.090344585
108,2905,2,0.25622615
108,2905,3,0.15172145
108,2905,4,0.13951877
109,2906,0,0.55838037
109,2906,1,0.06255312
109,2906,2,0.17741334
109,2906,3,0.10505104
109,2906,4,0.096602105
110,2884,0,0.049867928
110,2884,1,0.9029868
110,2884,2,0.026104996
110,2884,3,0.010929415
110,2884,4,0.010110828
111,2885,0,0.54836106
111,2885,1,0.06255271
111,2885,2,0.17740986
111,2885,3,0.10504993
111,2885,4,0.10662641
112,2875,0,0.1095353
112,2875,1,0.60569316
112,2875,2,0.22082092
112,2875,3,0.03331509
112,2875,4,0.030635562
113,2877,0,0.089256644
113,2877,1,0.021992214
113,2877,2,0.07689423
113,2877,3,0.77484965
113,2877,4,0.03700731
114,2863,0,0.2539683
114,2863,1,0.5130292
114,2863,2,0.12812482
114,2863,3,0.05463614
114,2863,4,0.050241593
115,2873,0,0.26230556
115,2873,2,0.04162263
115,2873,3,0.68350154
116,2854,0,0.8259095
116,2854,1,0.024652436
116,2854,2,0.06994924
116,2854,3,0.04140958
116,2854,4,0.03807927
117,2856,0,0.4982717
117,2856,1,0.0949944
117,2856,2,0.33096525
117,2856,3,0.06774571
118,2860,0,0.09058367
118,2860,1,0.021983372
118,2860,2,0.06327606
118,2860,3,0.037866455
118,2860,4,0.7862904
119,2839,0,0.36218905
119,2839,1,0.090344585
119,2839,2,0.25622615
119,2839,3,0.15172145
119,2839,4,0.13951877
120,2825,0,0.3462476
120,2825,1,0.038738895
120,2825,2,0.2997868
120,2825,3,0.25537688
120,2825,4,0.059849843
121,2826,0,0.27686596
121,2826,1,0.038735017
121,2826,2,0.5595095
121,2826,3,0.06506131
121,2826,4,0.059828237
122,2833,0,0.44681606
122,2833,1,0.01260623
122,2833,2,0.499007
122,2833,3,0.021591192
122,2833,4,0.019979559
123,2834,0,0.66012293
123,2834,1,0.024784962
123,2834,2,0.23562074
123,2834,3,0.04140071
123,2834,4,0.03807063
124,2804,0,0.2074701
124,2804,1,0.13459475
124,2804,2,0.08996008
124,2804,3,0.4522524
124,2804,4,0.11572257
125,2805,0,0.5484712
125,2805,1,0.06255271
125,2805,2,0.17740984
125,2805,3,0.10504993
125,2805,4,0.10651622
126,2788,0,0.034893773
126,2788,1,0.045762304
126,2788,2,0.4807271
126,2788,3,0.20571105
126,2788,4,0.23290576
127,2789,0,0.09403144
127,2789,2,0.06512542
127,2789,3,0.72893703
127,2789,4,0.10808498
128,2757,0,0.25094402
128,2757,1,0.06256283
128,2757,2,0.17751624
128,2757,3,0.10508022
128,2757,4,0.4038967
129,2761,0,0.55838037
129,2761,1,0.06255312
129,2761,2,0.17741334
129,2761,3,0.10505104
129,2761,4,0.096602105
130,2763,0,0.53440785
130,2763,1,0.038776685
130,2763,2,0.30169782
130,2763,3,0.0651805
130,2763,4,0.05993717
131,2768,0,0.09892871
131,2768,1,0.024647772
131,2768,2,0.5549035
131,2768,3,0.28345212
131,2768,4,0.03806789
132,2772,0,0.19647513
132,2772,1,0.06372916
132,2772,2,0.03392405
132,2772,3,0.63693553
132,2772,4,0.06893613
133,2773,0,0.06581298
133,2773,1,0.010566644
133,2773,2,0.73303217
133,2773,3,0.018192947
133,2773,4,0.17239529
134,2781,0,0.4480959
134,2781,1,0.44870952
134,2781,2,0.019093262
134,2781,3,0.010620051
134,2781,4,0.07348124
135,2782,0,0.04199354
135,2782,1,0.8167648
135,2782,2,0.036467005
135,2782,3,0.089989215
135,2782,4,0.014785479
136,2783,0,0.54847276
136,2783,1,0.06255271
136,2783,2,0.17740984
136,2783,3,0.10504993
136,2783,4,0.10651472
137,2753,0,0.15786321
137,2753,1,0.37316018
137,2753,2,0.3830018
137,2753,4,0.08147136
138,2754,0,0.09564735
138,2754,2,0.4250898
138,2754,3,0.32716027
138,2754,4,0.14910716
139,2731,0,0.34485254
139,2731,1,0.0666048
139,2731,2,0.2835565
139,2731,3,0.19993511
139,2731,4,0.10505104
140,2733,0,0.4997023
140,2733,1,0.09477116
140,2733,2,0.13602225
140,2733,3,0.24336895
140,2733,4,0.0261353
141,2680,0,0.5002566
141,2680,1,0.038728762
141,2680,2,0.109850556
141,2680,3,0.29135275
141,2680,4,0.059811324
142,2681,0,0.5870373
142,2681,2,0.15648752
142,2681,3,0.23954253
142,2681,4,0.01036518
143,2682,0,0.16038737
143,2682,2,0.76301116
143,2682,3,0.051496368
143,2682,4,0.015526128
144,2686,0,0.058799017
144,2686,1,0.013346948
144,2686,2,0.6091587
144,2686,3,0.29788405
144,2686,4,0.020811275
145,2688,0,0.3453345
145,2688,1,0.03874162
145,2688,2,0.49100062
145,2688,3,0.06507901
145,2688,4,0.05984423
146,2690,0,0.40811425
146,2690,2,0.020942096
146,2690,3,0.53492534
146,2690,4,0.033294197
147,2692,0,0.08572918
147,2692,1,0.852681
147,2692,2,0.028139036
147,2692,3,0.018951897
147,2692,4,0.014498968
148,2694,0,0.2740359
148,2694,1,0.11667723
148,2694,2,0.13016194
148,2694,3,0.3105382
148,2694,4,0.1685867
149,2695,0,0.08644917
149,2695,2,0.035594635
149,2695,3,0.8535791
149,2695,4,0.0152129475
150,2697,0,0.38849428
150,2697,1,0.02805514
150,2697,2,0.35438457
150,2697,3,0.04769703
150,2697,4,0.18136896
151,2706,0,0.41923925
151,2706,1,0.09392114
151,2706,2,0.25657842
151,2706,3,0.022434086
151,2706,4,0.20782709
152,2711,0,0.65868545
152,2711,1,0.04784447
152,2711,2,0.13572788
152,2711,3,0.08384771
152,2711,4,0.07389446
153,2672,0,0.36218905
153,2672,1,0.090344585
153,2672,2,0.25622615
153,2672,3,0.15172145
153,2672,4,0.13951877
154,2662,0,0.11458223
154,2662,1,0.0246478
154,2662,2,0.07116619
154,2662,3,0.050588876
154,2662,4,0.7390149
155,2663,0,0.37676895
155,2663,1,0.37576246
155,2663,2,0.1830905
155,2663,3,0.033727683
155,2663,4,0.030650407
156,2640,0,0.15240695
156,2640,1,0.35210037
156,2640,2,0.39059633
156,2640,3,0.054645967
156,2640,4,0.05025036
157,2638,0,0.096193664
157,2638,1,0.021991361
157,2638,2,0.70273024
157,2638,3,0.14511178
157,2638,4,0.033972852
158,2639,0,0.09485682
158,2639,1,0.021987705
158,2639,2,0.8122596
158,2639,3,0.036933504
158,2639,4,0.033962306
159,2635,0,0.58010733
159,2635,2,0.31476292
159,2635,3,0.09261939
160,2629,0,0.49528468
160,2629,1,0.028051771
160,2629,2,0.11123595
160,2629,3,0.11729307
160,2629,4,0.24813452
161,2630,0,0.63942045
161,2630,1,0.1663644
161,2630,2,0.10372049
161,2630,3,0.047142625
161,2630,4,0.043352053
162,2624,0,0.7252636
162,2624,1,0.016639272
162,2624,2,0.12787318
162,2624,3,0.10441323
162,2624,4,0.02581076
163,2625,0,0.6299282
163,2625,1,0.023666313
163,2625,2,0.06391268
163,2625,3,0.1412028
163,2625,4,0.14129005
164,2613,0,0.2584788
164,2613,1,0.16924793
164,2613,2,0.49868178
164,2613,3,0.039633837
164,2613,4,0.033957727
165,2615,0,0.36218905
165,2615,1,0.090344585
165,2615,2,0.25622615
165,2615,3,0.15172145
165,2615,4,0.13951877
166,2598,0,0.67562354
166,2598,1,0.028103754
166,2598,2,0.08374497
166,2598,3,0.18312046
166,2598,4,0.029407255
167,2606,0,0.19183917
167,2606,1,0.047840614
167,2606,2,0.606088
167,2606,3,0.08034739
167,2606,4,0.07388482
168,2607,0,0.06489638
168,2607,1,0.015350121
168,2607,2,0.8683048
168,2607,3,0.027737647
168,2607,4,0.023710987
169,2608,0,0.08087436
169,2608,2,0.89683384
170,2609,0,0.07195635
170,2609,1,0.01660433
170,2609,2,0.857899
170,2609,3,0.027892057
170,2609,4,0.025648294
171,2574,0,0.5633049
171,2574,1,0.01808013
171,2574,2,0.055468217
171,2574,3,0.030971702
171,2574,4,0.33217505
172,2585,0,0.5484992
172,2585,1,0.06255271
172,2585,2,0.17740984
172,2585,3,0.10504993
172,2585,4,0.106488176
173,2586,0,0.023559654
173,2586,2,0.016877977
173,2586,3,0.944879
174,2587,0,0.04007977
174,2587,2,0.02765614
174,2587,3,0.90791273
174,2587,4,0.0147797875
175,2594,0,0.085279405
175,2594,1,0.5255664
175,2594,2,0.2849608
175,2594,3,0.08483152
175,2594,4,0.01936193
176,2551,0,0.36218905
176,2551,1,0.090344585
176,2551,2,0.25622615
176,2551,3,0.15172145
176,2551,4,0.13951877
177,2555,0,0.6950483
177,2555,1,0.021983465
177,2555,2,0.07465896
177,2555,3,0.037232064
177,2555,4,0.1710772
178,2556,0,0.25846186
178,2556,1,0.16926593
178,2556,2,0.49864715
178,2556,3,0.03966732
178,2556,4,0.033957727
179,2560,0,0.5862654
179,2560,1,0.014502921
179,2560,2,0.2730255
179,2560,3,0.10329321
179,2560,4,0.022912983
180,2561,0,0.10077271
180,2561,2,0.38133243
180,2561,3,0.39714268
180,2561,4,0.11761436
181,2528,0,0.5328863
181,2528,1,0.03921687
181,2528,2,0.30304152
181,2528,3,0.06504338
181,2528,4,0.05981193
182,2530,0,0.40682194
182,2530,1,0.30323112
182,2530,2,0.13570926
182,2530,3,0.0803503
182,2530,4,0.07388736
183,2518,0,0.3424032
183,2518,1,0.49852976
183,2518,2,0.077413745
183,2518,3,0.043585375
183,2518,4,0.038067874
184,2520,0,0.3777246
184,2520,1,0.22176889
184,2520,2,0.11301612
184,2520,3,0.03114245
184,2520,4,0.25634798
185,2499,0,0.5485009
185,2499,1,0.06255272
185,2499,2,0.17740986
185,2499,3,0.10504994
185,2499,4,0.106486626
186,2510,0,0.416213
186,2510,1,0.04784124
186,2510,2,0.13570888
186,2510,3,0.31554934
186,2510,4,0.08468746
187,2511,0,0.6993509
187,2511,1,0.14672004
187,2511,2,0.11224777
187,2511,3,0.022127427
187,2511,4,0.019553872
188,2513,0,0.57465243
188,2513,2,0.34626895
188,2513,3,0.06461367
189,2483,0,0.43387672
189,2483,1,0.17454378
189,2483,2,0.06992788
189,2483,3,0.041398667
189,2483,4,0.280253
190,2493,0,0.46031588
190,2493,1,0.01987942
190,2493,2,0.45479453
190,2493,3,0.034358412
190,2493,4,0.030651797
191,2461,0,0.28850657
191,2461,1,0.13792573
191,2461,2,0.5230831
191,2461,3,0.02677659
191,2461,4,0.023708008
192,2462,0,0.14060204
192,2462,1,0.2964788
192,2462,2,0.3045466
192,2462,3,0.13028552
192,2462,4,0.128087
193,2463,0,0.61002856
193,2463,1,0.03285747
193,2463,2,0.25223026
193,2463,3,0.054639306
193,2463,4,0.050244354
194,2464,0,0.1933409
194,2464,1,0.19242863
194,2464,2,0.50934064
194,2464,3,0.05464254
194,2464,4,0.050247323
195,2466,0,0.36218905
195,2466,1,0.090344585
195,2466,2,0.25622615
195,2466,3,0.15172145
195,2466,4,0.13951877
196,2475,0,0.3086652
196,2475,1,0.1803475
196,2475,2,0.045714084
196,2475,3,0.23869656
196,2475,4,0.22657666
197,2476,0,0.12715115
197,2476,1,0.028092306
197,2476,2,0.7542659
197,2476,3,0.047140107
197,2476,4,0.043350507
198,2439,0,0.34215432
198,2439,1,0.3546556
198,2439,2,0.28732148
199,2440,0,0.023821259
199,2440,1,0.031963844
199,2440,2,0.37401485
199,2440,3,0.0892122
199,2440,4,0.48098785
200,2441,0,0.06809074
200,2441,2,0.03372019
200,2441,3,0.89057934
201,2442,0,0.059255213
201,2442,2,0.5438303
201,2442,3,0.0507609
201,2442,4,0.3406792
202,2443,0,0.049474336
202,2443,1,0.011148422
202,2443,2,0.90222657
202,2443,3,0.019939119
202,2443,4,0.017211571
203,2444,0,0.19249362
203,2444,1,0.04788531
203,2444,2,0.1360269
203,2444,3,0.5495951
203,2444,4,0.07399906
204,2445,0,0.045662217
204,2445,1,0.72438705
204,2445,2,0.18740684
204,2445,3,0.027228607
204,2445,4,0.0153153045
205,2446,0,0.2512487
205,2446,1,0.062581174
205,2446,2,0.17765419
205,2446,3,0.105136
205,2446,4,0.40337998
206,2447,0,0.86779106
206,2447,1,0.018081492
206,2447,2,0.055771098
206,2447,3,0.030424599
206,2447,4,0.027931806
207,2448,0,0.14640433
207,2448,2,0.45089924
207,2448,3,0.3280804
207,2448,4,0.06939939
208,2449,0,0.21931703
208,2449,2,0.74964803
208,2449,3,0.012404896
208,2449,4,0.011429755
209,2450,0,0.018060038
209,2450,2,0.7669348
209,2450,3,0.12504725
209,2450,4,0.086463004
210,2451,0,0.07522284
210,2451,2,0.90408385
211,2452,0,0.55838037
211,2452,1,0.06255312
211,2452,2,0.17741334
211,2452,3,0.10505104
211,2452,4,0.09660211
212,2453,0,0.11631396
212,2453,1,0.3168765
212,2453,2,0.25240266
212,2453,3,0.27705917
212,2453,4,0.037347704
213,2413,0,0.36218905
213,2413,1,0.090344585
213,2413,2,0.25622615
213,2413,3,0.15172145
213,2413,4,0.13951877
214,2414,0,0.18540457
214,2414,1,0.015407609
214,2414,2,0.37706634
214,2414,3,0.20456506
214,2414,4,0.21755642
215,2415,0,0.44237062
215,2415,1,0.014278165
215,2415,2,0.41022974
215,2415,3,0.025515977
215,2415,4,0.107605495
216,2416,0,0.25083423
216,2416,1,0.06255625
216,2416,2,0.48491943
216,2416,3,0.10506028
216,2416,4,0.09662978
217,2434,0,0.83889747
217,2434,1,0.021981984
217,2434,2,0.06739821
217,2434,3,0.03777411
217,2434,4,0.03394822
218,2435,0,0.27453482
218,2435,1,0.024665765
218,2435,2,0.49966243
218,2435,3,0.16302484
218,2435,4,0.038112152
219,2436,0,0.09632263
219,2436,1,0.022041282
219,2436,2,0.06549472
219,2436,3,0.14836349
219,2436,4,0.6677779
220,2438,0,0.13100047
220,2438,1,0.1917839
220,2438,2,0.20492907
220,2438,3,0.056355447
220,2438,4,0.4159311
221,2346,0,0.1543307
221,2346,2,0.32322347
221,2346,3,0.4988098
221,2346,4,0.014444551
222,2347,0,0.084056295
222,2347,1,0.019852757
222,2347,2,0.73146284
222,2347,3,0.13490157
222,2347,4,0.029726468
223,2349,0,0.17942679
223,2349,2,0.09201254
223,2349,3,0.7140175
224,2351,0,0.36218905
224,2351,1,0.090344585
224,2351,2,0.25622615
224,2351,3,0.15172145
224,2351,4,0.13951877
225,2352,0,0.13149402
225,2352,1,0.010098936
225,2352,2,0.35426232
225,2352,3,0.4270969
225,2352,4,0.07704787
226,2359,0,0.37147436
226,2359,2,0.11516009
226,2359,4,0.5074825
227,2360,0,0.13050279
227,2360,1,0.032536175
227,2360,2,0.092302896
227,2360,3,0.69440526
227,2360,4,0.050252873
228,2361,0,0.3721598
228,2361,1,0.023406807
228,2361,2,0.11197515
228,2361,3,0.21798623
228,2361,4,0.27447197
229,2365,0,0.22459783
229,2365,1,0.05232882
229,2365,2,0.038311128
229,2365,3,0.67764974
230,2369,0,0.122786224
230,2369,1,0.805666
230,2369,2,0.049693767
230,2369,3,0.011393017
230,2369,4,0.010460903
231,2370,0,0.050734557
231,2370,1,0.8485372
231,2370,2,0.07976738
231,2370,3,0.011460252
232,2371,0,0.29003984
232,2371,1,0.65859014
232,2371,2,0.023816047
232,2371,3,0.014307285
232,2371,4,0.0132466685
233,2372,0,0.3194408
233,2372,1,0.03623291
233,2372,2,0.45261416
233,2372,3,0.011286741
233,2372,4,0.18042532
234,2397,0,0.54853284
234,2397,1,0.06255272
234,2397,2,0.17740986
234,2397,3,0.10504994
234,2397,4,0.106454685
235,2398,0,0.5484979
235,2398,1,0.06255272
235,2398,2,0.17740986
235,2398,3,0.10504994
235,2398,4,0.10648961
236,2400,0,0.19247225
236,2400,1,0.047883958
236,2400,2,0.6012677
236,2400,3,0.08438036
236,2400,4,0.07399572
237,2401,0,0.18678479
237,2401,1,0.012589284
237,2401,2,0.4192519
237,2401,3,0.36049595
237,2401,4,0.020878067
238,2402,0,0.12592866
238,2402,1,0.013339409
238,2402,2,0.73883444
238,2402,3,0.10128882
238,2402,4,0.020608703
239,2343,0,0.31226185
239,2343,2,0.12521484
239,2343,3,0.14021838
239,2343,4,0.41956073
240,2344,0,0.22268583
240,2344,1,0.022813804
240,2344,2,0.4944246
240,2344,3,0.110651165
240,2344,4,0.14942457
241,2328,0,0.17742963
241,2328,1,0.65335697
241,2328,2,0.1377154
241,2328,3,0.018878357
241,2328,4,0.012619679
242,2335,0,0.7469317
242,2335,2,0.06375938
242,2335,3,0.13256638
242,2335,4,0.049522005
243,2308,0,0.1918121
243,2308,1,0.5182817
243,2308,2,0.1356857
243,2308,3,0.080341265
243,2308,4,0.07387927
244,2280,0,0.1408545
244,2280,1,0.03254683
244,2280,2,0.72162265
244,2280,3,0.054686338
244,2280,4,0.050289683
245,2281,0,0.53098094
245,2281,1,0.2291109
245,2281,2,0.10986824
245,2281,3,0.07022262
245,2281,4,0.059817187
246,2284,0,0.36218905
246,2284,1,0.090344585
246,2284,2,0.25622615
246,2284,3,0.15172145
246,2284,4,0.13951877
247,2257,0,0.18009128
247,2257,1,0.6980017
247,2257,2,0.062164627
247,2257,3,0.048574686
247,2257,4,0.011167691
248,2260,0,0.18976165
248,2260,1,0.73308104
248,2260,2,0.053025477
248,2260,3,0.013570406
248,2260,4,0.010561401
249,2269,0,0.04954756
249,2269,1,0.9085654
249,2269,2,0.023211462
250,2233,0,0.55838037
250,2233,1,0.06255312
250,2233,2,0.17741334
250,2233,3,0.10505103
250,2233,4,0.096602105
251,2234,0,0.017355887
251,2234,1,0.029341264
251,2234,2,0.82551783
251,2234,3,0.021711554
251,2234,4,0.1060735
252,2235,0,0.09901382
252,2235,1,0.024659034
252,2235,2,0.3130688
252,2235,3,0.28196526
252,2235,4,0.2812931
253,2236,0,0.28107747
253,2236,1,0.21497563
253,2236,2,0.45165014
253,2236,4,0.04530997
254,2239,0,0.3408139
254,2239,1,0.028060406
254,2239,2,0.12696233
254,2239,3,0.048263367
254,2239,4,0.45589998
255,2240,0,0.6547929
255,2240,1,0.018078728
255,2240,2,0.07586565
255,2240,3,0.030811857
255,2240,4,0.22045082
256,2242,0,0.20773715
256,2242,1,0.050182447
256,2242,2,0.075634755
256,2242,3,0.660815
257,2243,0,0.38346252
257,2243,2,0.15048277
257,2243,3,0.31775266
257,2243,4,0.14245383
258,2244,0,0.6586606
258,2244,1,0.047844473
258,2244,2,0.13572791
258,2244,3,0.08387252
258,2244,4,0.07389448
259,2245,0,0.49988148
259,2245,1,0.0729168
259,2245,2,0.19617406
259,2245,3,0.15028812
259,2245,4,0.0807396
260,2224,0,0.25077534
260,2224,1,0.06255232
260,2224,2,0.48502392
260,2224,3,0.10504866
260,2224,4,0.09659975
261,2227,0,0.2627061
261,2227,2,0.1261298
261,2227,3,0.0714989
261,2227,4,0.5367654
262,2228,0,0.36218905
262,2228,1,0.090344585
262,2228,2,0.25622615
262,2228,3,0.15172145
262,2228,4,0.13951877
263,2229,0,0.55838037
263,2229,1,0.06255312
263,2229,2,0.17741334
263,2229,3,0.10505104
263,2229,4,0.096602105
264,2230,0,0.13055307
264,2230,1,0.03253959
264,2230,2,0.09704723
264,2230,3,0.6895995
264,2230,4,0.05026062
265,2231,0,0.25240344
265,2231,1,0.06266232
265,2231,2,0.4826832
265,2231,3,0.105367266
265,2231,4,0.0968838
266,2195,0,0.16926973
266,2195,1,0.21557038
266,2195,2,0.30023506
266,2195,3,0.065052666
266,2195,4,0.24987216
267,2198,0,0.21081719
267,2198,1,0.6603316
267,2198,2,0.02497638
267,2198,3,0.014505899
267,2198,4,0.089368895
268,2202,0,0.7290162
268,2202,1,0.02280098
268,2202,2,0.069445156
268,2202,3,0.037402306
268,2202,4,0.14133541
269,2157,0,0.08564021
269,2157,1,0.45170853
269,2157,2,0.42619354
269,2157,3,0.019161815
269,2157,4,0.017295932
270,2177,0,0.2617491
270,2177,1,0.3842999
270,2177,2,0.04382644
270,2177,3,0.024223106
270,2177,4,0.2859015
271,2178,0,0.6755409
271,2178,1,0.024650272
271,2178,2,0.21922933
271,2178,3,0.04250614
271,2178,4,0.038073305
272,2179,0,0.36218905
272,2179,1,0.090344585
272,2179,2,0.25622615
272,2179,3,0.15172145
272,2179,4,0.13951877
273,2180,0,0.65837413
273,2180,1,0.014270595
273,2180,2,0.19360657
273,2180,3,0.111708425
273,2180,4,0.022040311
274,2137,0,0.36218905
274,2137,1,0.090344585
274,2137,2,0.25622615
274,2137,3,0.15172145
274,2137,4,0.13951877
275,2138,0,0.33036953
275,2138,1,0.013383469
275,2138,2,0.037853133
275,2138,3,0.53000754
275,2138,4,0.08838627
276,2142,0,0.4909345
276,2142,2,0.34388897
276,2142,3,0.08590854
276,2142,4,0.07346911
277,2143,0,0.28955245
277,2143,1,0.666452
277,2143,2,0.021355279
277,2143,3,0.01218449
277,2143,4,0.010455804
278,2128,0,0.108562864
278,2128,1,0.03781455
278,2128,2,0.12581359
278,2128,3,0.6837594
278,2128,4,0.044049576
279,2129,0,0.42284068
279,2129,2,0.092252955
279,2129,3,0.36190116
279,2129,4,0.11829792
280,2130,0,0.2522463
280,2130,1,0.0626467
280,2130,2,0.48293883
280,2130,3,0.10532357
280,2130,4,0.09684456
281,2131,0,0.21434274
281,2131,2,0.7390915
281,2131,4,0.032470472
282,2132,0,0.55838037
282,2132,1,0.06255312
282,2132,2,0.17741334
282,2132,3,0.10505103
282,2132,4,0.096602105
283,2133,0,0.55838037
283,2133,1,0.06255312
283,2133,2,0.17741334
283,2133,3,0.10505104
283,2133,4,0.096602105
284,2134,0,0.5583736
284,2134,1,0.06255359
284,2134,2,0.17741567
284,2134,3,0.10505423
284,2134,4,0.096603006
285,2135,0,0.10668825
285,2135,1,0.06618766
285,2135,2,0.33715415
285,2135,3,0.4721142
285,2135,4,0.017855749
286,2117,0,0.29971796
286,2117,2,0.44833678
286,2117,3,0.07572315
286,2117,4,0.17183214
287,2101,0,0.114516646
287,2101,1,0.1168792
287,2101,2,0.6044661
287,2101,3,0.03647078
287,2101,4,0.12766723
288,2102,0,0.54847884
288,2102,1,0.06255272
288,2102,2,0.17740986
288,2102,3,0.10504994
288,2102,4,0.10650865
289,2103,0,0.15237531
289,2103,1,0.016604958
289,2103,2,0.30691478
289,2103,3,0.49818167
289,2103,4,0.025923353
290,2105,0,0.026346432
290,2105,1,0.059686802
290,2105,2,0.13789475
290,2105,3,0.6164708
290,2105,4,0.15960114
291,2113,0,0.14509973
291,2113,1,0.032592285
291,2113,2,0.7149228
291,2113,3,0.057141576
291,2113,4,0.050243672
292,2086,0,0.117133215
292,2086,1,0.091273494
292,2086,2,0.5136844
292,2086,3,0.15583748
292,2086,4,0.122071356
293,2087,0,0.056124948
293,2087,1,0.039864995
293,2087,2,0.012972188
293,2087,3,0.8237132
293,2087,4,0.06732466
294,2093,0,0.36218905
294,2093,1,0.090344585
294,2093,2,0.25622615
294,2093,3,0.15172145
294,2093,4,0.13951877
295,2079,0,0.32271716
295,2079,1,0.23293754
295,2079,2,0.21621473
295,2079,3,0.1848061
295,2079,4,0.043324467
296,2080,0,0.78252727
296,2080,1,0.018079415
296,2080,2,0.051859852
296,2080,3,0.11913173
296,2080,4,0.02840173
297,2082,0,0.2507947
297,2082,1,0.0625535
297,2082,2,0.4840501
297,2082,3,0.10599847
297,2082,4,0.09660324
298,2083,0,0.7357654
298,2083,1,0.021991774
298,2083,2,0.06331765
298,2083,3,0.14416891
298,2083,4,0.0347563
299,2063,0,0.17188321
299,2063,1,0.47251058
299,2063,2,0.25070748
299,2063,3,0.054647423
299,2063,4,0.050251372
300,2068,0,0.8432967
300,2068,1,0.021987196
300,2068,2,0.06315766
300,2068,3,0.03693241
300,2068,4,0.034626078
301,2076,0,0.099878065
301,2076,1,0.021983808
301,2076,2,0.06329765
301,2076,3,0.04314209
301,2076,4,0.77169836
302,2077,0,0.09485579
302,2077,1,0.021987706
302,2077,2,0.8122606
302,2077,3,0.036933508
302,2077,4,0.03396231
303,2078,0,0.12136449
303,2078,1,0.1440895
303,2078,2,0.6550299
303,2078,3,0.04142438
303,2078,4,0.038091745
304,2042,0,0.5371794
304,2042,1,0.01851285
304,2042,2,0.28674325
304,2042,3,0.12964714
304,2042,4,0.02791731
305,2046,0,0.33778426
305,2046,1,0.038731307
305,2046,2,0.10987501
305,2046,3,0.4537838
305,2046,4,0.059825633
306,2047,0,0.212925
306,2047,1,0.019845396
306,2047,2,0.1743869
306,2047,3,0.5599776
306,2047,4,0.032865055
307,2004,0,0.2830363
307,2004,1,0.012771947
307,2004,2,0.15535192
307,2004,3,0.112678036
307,2004,4,0.4361618
308,2010,0,0.32314485
308,2010,1,0.23250219
308,2010,2,0.21622188
308,2010,3,0.18480662
308,2010,4,0.043324478
309,2012,0,0.25092262
309,2012,1,0.06255982
309,2012,2,0.17748228
309,2012,3,0.1050705
309,2012,4,0.4039648
310,2013,0,0.10431065
310,2013,1,0.45302644
310,2013,2,0.37179184
310,2013,3,0.03692036
310,2013,4,0.033950727
311,2015,0,0.5960405
311,2015,1,0.14883137
311,2015,2,0.21701528
311,2015,3,0.019447127
311,2015,4,0.01866572
312,2018,0,0.36218905
312,2018,1,0.090344585
312,2018,2,0.25622615
312,2018,3,0.15172145
312,2018,4,0.13951877
313,2021,0,0.36218905
313,2021,1,0.090344585
313,2021,2,0.25622615
313,2021,3,0.15172145
313,2021,4,0.13951877
314,2023,0,0.27875346
314,2023,1,0.180925
314,2023,2,0.40304783
314,2023,3,0.026494477
314,2023,4,0.11077922
315,2025,0,0.2820119
315,2025,1,0.5207403
315,2025,2,0.092329875
315,2025,3,0.05465727
315,2025,4,0.050260674
316,2026,0,0.2662657
316,2026,1,0.011982969
316,2026,2,0.16438445
316,2026,3,0.08879082
316,2026,4,0.46857607
317,2027,0,0.37195948
317,2027,1,0.02469457
317,2027,2,0.5235247
317,2027,3,0.041754346
317,2027,4,0.038066864
318,2030,0,0.0991637
318,2030,1,0.024670394
318,2030,2,0.63837
318,2030,3,0.19967201
318,2030,4,0.03812396
319,2031,0,0.08838504
319,2031,1,0.02199918
319,2031,2,0.45928535
319,2031,3,0.3963373
319,2031,4,0.033993065
320,2032,0,0.25086415
320,2032,1,0.06255794
320,2032,2,0.2305959
320,2032,3,0.105065465
320,2032,4,0.35091656
321,2033,0,0.13781846
321,2033,1,0.05159826
321,2033,2,0.14286782
321,2033,3,0.5263419
321,2033,4,0.14137356
322,2034,0,0.06578321
322,2034,1,0.010608465
322,2034,2,0.1901859
322,2034,3,0.7306115
323,2035,0,0.1928828
323,2035,1,0.047911625
323,2035,2,0.37457684
323,2035,3,0.31050077
323,2035,4,0.07412794
324,1946,0,0.127231
324,1946,1,0.014368012
324,1946,2,0.37320217
324,1946,3,0.023999834
324,1946,4,0.46119893
325,1947,0,0.55838037
325,1947,1,0.06255312
325,1947,2,0.17741334
325,1947,3,0.10505104
325,1947,4,0.096602105
326,1957,0,0.32703114
326,1957,1,0.57529724
326,1957,2,0.07867088
326,1957,3,0.01059686
327,1969,0,0.20322399
327,1969,1,0.33547276
327,1969,2,0.35641536
327,1969,3,0.054641616
327,1969,4,0.05024633
328,1973,0,0.55838037
328,1973,1,0.06255313
328,1973,2,0.17741334
328,1973,3,0.10505104
328,1973,4,0.096602105
329,1974,0,0.3493413
329,1974,1,0.019843645
329,1974,2,0.56682664
329,1974,3,0.033336062
329,1974,4,0.030652361
330,1975,0,0.31512696
330,1975,1,0.037043273
330,1975,2,0.2905261
330,1975,3,0.24213476
330,1975,4,0.11516895
331,1977,0,0.44714153
331,1977,1,0.022049418
331,1977,2,0.4599242
331,1977,3,0.036927555
331,1977,4,0.03395734
332,1986,0,0.27410707
332,1986,1,0.176185
332,1986,2,0.48218814
332,1986,3,0.036739547
332,1986,4,0.030780189
333,1916,0,0.34123808
333,1916,1,0.05416187
333,1916,2,0.043133
333,1916,3,0.55522096
334,1917,0,0.3256309
334,1917,1,0.014360889
334,1917,2,0.30975744
334,1917,3,0.02436983
334,1917,4,0.32588094
335,1902,0,0.021643806
335,1902,2,0.016689112
335,1902,3,0.9487499
336,1903,0,0.25090787
336,1903,1,0.06256133
336,1903,2,0.17748253
336,1903,3,0.10507591
336,1903,4,0.4039724
337,1895,0,0.13065946
337,1895,1,0.1929422
337,1895,2,0.57065606
337,1895,3,0.054713044
337,1895,4,0.05102925
338,1888,0,0.072623394
338,1888,1,0.062290363
338,1888,2,0.79172146
338,1888,4,0.066193074
339,1864,0,0.28380123
339,1864,1,0.62613535
339,1864,2,0.018974237
339,1864,3,0.061032154
339,1864,4,0.010056981
340,1871,0,0.36218905
340,1871,1,0.090344585
340,1871,2,0.25622615
340,1871,3,0.15172145
340,1871,4,0.13951877
341,1872,0,0.35353982
341,1872,1,0.44928798
341,1872,2,0.09228586
341,1872,3,0.054640643
341,1872,4,0.05024571
342,1874,0,0.17742954
342,1874,1,0.6533507
342,1874,2,0.1377141
342,1874,3,0.01888595
342,1874,4,0.012619679
343,1876,0,0.32946935
343,1876,1,0.06980026
343,1876,2,0.39241773
343,1876,3,0.10617849
343,1876,4,0.102134176
344,1854,0,0.5691469
344,1854,1,0.013886806
344,1854,2,0.3731328
344,1854,3,0.023234822
344,1854,4,0.0205987
345,1855,0,0.17814676
345,1855,1,0.2623
345,1855,2,0.040576417
345,1855,3,0.10395605
345,1855,4,0.41502076
346,1846,0,0.6586872
346,1846,1,0.047844473
346,1846,2,0.1357279
346,1846,3,0.08384602
346,1846,4,0.07389447
347,1851,0,0.25556505
347,1851,1,0.024649363
347,1851,2,0.18994738
347,1851,3,0.04306101
347,1851,4,0.48677728
348,1852,0,0.19980957
348,1852,1,0.013729115
348,1852,2,0.10279392
348,1852,3,0.1485189
348,1852,4,0.5351485
349,1853,0,0.6158891
349,1853,1,0.014641906
349,1853,2,0.32159188
349,1853,3,0.024606403
349,1853,4,0.023270763
350,1815,0,0.11764524
350,1815,1,0.084104136
350,1815,2,0.03855839
350,1815,3,0.7514169
351,1816,0,0.76493734
351,1816,1,0.01817995
351,1816,2,0.15844215
351,1816,3,0.030516084
351,1816,4,0.027924491
352,1817,0,0.31076548
352,1817,1,0.045136984
352,1817,2,0.44455516
352,1817,3,0.13658616
352,1817,4,0.0629562
353,1819,0,0.28166452
353,1819,1,0.19111058
353,1819,2,0.47252822
353,1819,3,0.02835294
353,1819,4,0.026343748
354,1821,0,0.694208
354,1821,1,0.10699618
354,1821,2,0.051349748
354,1821,3,0.030383594
354,1821,4,0.11706245
355,1822,0,0.36585853
355,1822,1,0.012520815
355,1822,2,0.04755155
355,1822,3,0.19657654
355,1822,4,0.37749258
356,1823,0,0.02724974
356,1823,1,0.9317322
356,1823,2,0.019282175
356,1823,3,0.01129035
356,1823,4,0.010445544
357,1825,0,0.44169074
357,1825,1,0.028340178
357,1825,2,0.43952185
357,1825,3,0.047118746
357,1825,4,0.04332852
358,1827,0,0.114643894
358,1827,1,0.7513752
358,1827,2,0.062406365
358,1827,3,0.037623826
358,1827,4,0.033950727
359,1828,0,0.24010701
359,1828,2,0.012478816
359,1828,4,0.7373319
360,1829,0,0.09419613
360,1829,1,0.8597051
360,1829,2,0.023250435
360,1829,3,0.012038371
360,1829,4,0.010809943
361,1805,0,0.07864954
361,1805,2,0.55424416
361,1805,3,0.099689655
361,1805,4,0.26384956
362,1806,0,0.07104816
362,1806,2,0.7566052
362,1806,4,0.16334875
363,1807,0,0.55838037
363,1807,1,0.06255313
363,1807,2,0.17741334
363,1807,3,0.10505104
363,1807,4,0.09660211
364,1808,0,0.011906506
364,1808,3,0.9589514
364,1808,4,0.018055255
365,1810,0,0.13083091
365,1810,2,0.061785754
365,1810,3,0.7599623
365,1810,4,0.042096008
366,1813,0,0.46216962
366,1813,1,0.4143287
366,1813,2,0.061821602
366,1813,3,0.032192934
366,1813,4,0.029487275
367,1782,0,0.22784229
367,1782,1,0.48902076
367,1782,2,0.07073986
367,1782,3,0.17409365
367,1782,4,0.038303483
368,1783,0,0.4073884
368,1783,1,0.28304413
368,1783,2,0.15533441
368,1783,3,0.080347985
368,1783,4,0.07388508
369,1785,0,0.060978685
369,1785,1,0.90741205
369,1785,2,0.014460599
370,1787,0,0.27064255
370,1787,1,0.54028213
370,1787,2,0.024683114
370,1787,3,0.0141542135
370,1787,4,0.15023804
371,1792,0,0.2924171
371,1792,1,0.025327558
371,1792,2,0.37728688
371,1792,4,0.29697686
372,1793,0,0.18810958
372,1793,1,0.359181
372,1793,2,0.32157463
372,1793,3,0.06808957
372,1793,4,0.06304532
373,1797,0,0.12956792
373,1797,1,0.7003876
373,1797,2,0.07963376
373,1797,3,0.047099486
373,1797,4,0.043311212
374,1768,0,0.22283967
374,1768,1,0.32640496
374,1768,2,0.36969706
374,1768,3,0.041396417
374,1768,4,0.039661888
375,1772,0,0.739094
375,1772,1,0.032533016
375,1772,2,0.12349258
375,1772,3,0.054637462
375,1772,4,0.050242953
376,1773,0,0.5834342
376,1773,1,0.26709244
376,1773,2,0.06992228
376,1773,3,0.041397993
376,1773,4,0.03815315
377,1780,0,0.12025516
377,1780,1,0.835407
377,1780,2,0.021918017
377,1780,3,0.01167958
377,1780,4,0.01074016
378,1764,0,0.11874481
378,1764,1,0.8383183
378,1764,2,0.019756673
378,1764,3,0.012434639
378,1764,4,0.010745524
379,1754,0,0.39601484
379,1754,1,0.14417025
379,1754,2,0.20609774
379,1754,3,0.24784303
380,1759,0,0.8409535
380,1759,1,0.021986406
380,1759,2,0.06476476
380,1759,3,0.03834517
380,1759,4,0.033950273
381,1761,0,0.118582726
381,1761,1,0.789258
381,1761,2,0.044731457
381,1761,3,0.025690697
381,1761,4,0.021737047
382,1762,0,0.06099943
382,1762,1,0.9073965
382,1762,2,0.014460534
383,1763,0,0.14263089
383,1763,1,0.6872247
383,1763,2,0.07963202
383,1763,3,0.0472023
383,1763,4,0.043310124
384,1751,0,0.25161922
384,1751,1,0.10321357
384,1751,2,0.4655641
384,1751,3,0.067977354
384,1751,4,0.11162573
385,1729,0,0.12963423
385,1729,1,0.028053666
385,1729,2,0.75152904
385,1729,3,0.047449347
385,1729,4,0.043333706
386,1732,0,0.39875188
386,1732,1,0.14574489
386,1732,2,0.37476423
386,1732,3,0.042667765
386,1732,4,0.03807122
387,1734,0,0.15657568
387,1734,1,0.032534678
387,1734,2,0.7055327
387,1734,3,0.055109233
387,1734,4,0.050247762
388,1735,0,0.19183731
388,1735,1,0.04784037
388,1735,2,0.37097213
388,1735,3,0.08034646
388,1735,4,0.30900362
389,1736,0,0.31852192
389,1736,1,0.04783681
389,1736,2,0.47804055
389,1736,3,0.08172562
389,1736,4,0.073875085
390,1743,0,0.25085965
390,1743,1,0.06255798
390,1743,2,0.4849019
390,1743,3,0.105065554
390,1743,4,0.09661488
391,1744,0,0.55838037
391,1744,1,0.06255312
391,1744,2,0.17741334
391,1744,3,0.10505104
391,1744,4,0.096602105
392,1749,0,0.46966162
392,1749,1,0.07250414
392,1749,2,0.08558492
392,1749,3,0.2699211
392,1749,4,0.102328256
393,1716,0,0.40036213
393,1716,1,0.4177329
393,1716,2,0.09148761
393,1716,3,0.047103
393,1716,4,0.043314375
394,1721,0,0.042556684
394,1721,1,0.31839705
394,1721,2,0.47018623
394,1721,4,0.16272439
395,1704,0,0.6404298
395,1704,2,0.28627932
395,1704,3,0.012711905
395,1704,4,0.053619403
396,1705,0,0.15558206
396,1705,1,0.038746834
396,1705,2,0.11006486
396,1705,3,0.44891584
396,1705,4,0.24669042
397,1706,0,0.628342
397,1706,1,0.012516675
397,1706,2,0.1700371
397,1706,3,0.03334777
397,1706,4,0.15575655
398,1707,0,0.5412112
398,1707,1,0.018173346
398,1707,2,0.38066673
398,1707,3,0.032021504
398,1707,4,0.027927136
399,1709,0,0.3247619
399,1709,1,0.40282544
399,1709,2,0.14754745
399,1709,3,0.06504865
399,1709,4,0.059816558
400,1683,0,0.2387409
400,1683,1,0.24534878
400,1683,2,0.4076457
400,1683,3,0.022771882
400,1683,4,0.085492715
401,1686,0,0.5206263
401,1686,1,0.03253264
401,1686,2,0.33807853
401,1686,3,0.05851993
401,1686,4,0.05024254
402,1687,0,0.08529581
402,1687,1,0.01985719
402,1687,2,0.1681416
402,1687,3,0.033389464
402,1687,4,0.69331586
403,1689,0,0.3294505
403,1689,1,0.24548328
403,1689,2,0.10988769
403,1689,3,0.2553548
403,1689,4,0.059823696
404,1691,0,0.31510454
404,1691,1,0.47916996
404,1691,2,0.021966282
404,1691,3,0.012590843
404,1691,4,0.17116839
405,1693,0,0.49819735
405,1693,1,0.013336972
405,1693,2,0.14461729
405,1693,3,0.0986979
405,1693,4,0.24515052
406,1694,0,0.58186805
406,1694,1,0.024645627
406,1694,2,0.31188515
406,1694,3,0.04354058
406,1694,4,0.03806063
407,1695,0,0.78036165
407,1695,1,0.016602593
407,1695,2,0.0499718
407,1695,3,0.027976003
407,1695,4,0.1250879
408,1697,0,0.7618411
408,1697,1,0.019843273
408,1697,2,0.056307174
408,1697,3,0.13080113
408,1697,4,0.031207297
409,1699,0,0.44580853
409,1699,2,0.065394156
409,1699,3,0.16090506
409,1699,4,0.32242677
410,1640,0,0.13303453
410,1640,1,0.011158395
410,1640,2,0.12304274
410,1640,3,0.7155555
410,1640,4,0.017208815
411,1649,0,0.40103605
411,1649,1,0.19241087
411,1649,2,0.14203654
411,1649,3,0.05464932
411,1649,4,0.2098672
412,1652,0,0.2485034
412,1652,2,0.45087054
412,1652,3,0.12931472
412,1652,4,0.16163005
413,1653,0,0.18778628
413,1653,1,0.010047557
413,1653,2,0.44553682
413,1653,3,0.22732542
413,1653,4,0.1293039
414,1656,0,0.28765228
414,1656,1,0.033239722
414,1656,2,0.41162428
414,1656,3,0.05707585
414,1656,4,0.21040781
415,1661,0,0.038412534
415,1661,2,0.87455034
415,1661,3,0.016238565
415,1661,4,0.06122411
416,1665,0,0.4381721
416,1665,1,0.09755833
416,1665,2,0.15739644
416,1665,3,0.028250823
416,1665,4,0.27862224
417,1669,0,0.55838037
417,1669,1,0.06255312
417,1669,2,0.17741334
417,1669,3,0.10505104
417,1669,4,0.096602105
418,1670,0,0.023559656
418,1670,2,0.01687816
418,1670,3,0.9448789
419,1671,0,0.50481063
419,1671,1,0.08366365
419,1671,2,0.36748743
419,1671,3,0.022561058
419,1671,4,0.021477267
420,1672,0,0.55838037
420,1672,1,0.06255312
420,1672,2,0.17741334
420,1672,3,0.10505104
420,1672,4,0.096602105
421,1677,0,0.29380557
421,1677,1,0.010110188
421,1677,2,0.26838663
421,1677,3,0.28760016
421,1677,4,0.14009748
422,1628,0,0.2509984
422,1628,1,0.062564746
422,1628,2,0.17763261
422,1628,3,0.41216618
422,1628,4,0.09663809
423,1629,0,0.28824592
423,1629,2,0.015554132
423,1629,3,0.6830061
424,1630,0,0.57201433
424,1630,1,0.12075611
424,1630,2,0.031646512
424,1630,3,0.2583601
424,1630,4,0.017223014
425,1631,0,0.042412125
425,1631,1,0.010569734
425,1631,2,0.9129006
425,1631,3,0.017797824
425,1631,4,0.016319659
426,1632,0,0.048181348
426,1632,2,0.100197114
426,1632,3,0.70961165
426,1632,4,0.13666613
427,1633,0,0.104526326
427,1633,2,0.65014476
427,1633,3,0.20909674
427,1633,4,0.031048553
428,1634,0,0.1555375
428,1634,1,0.038745537
428,1634,2,0.6807713
428,1634,3,0.06509112
428,1634,4,0.05985447
429,1635,0,0.18048085
429,1635,1,0.03253184
429,1635,2,0.68107104
429,1635,3,0.055676654
429,1635,4,0.0502396
430,1619,0,0.091411844
430,1619,1,0.7707923
430,1619,2,0.06564038
430,1619,3,0.03730626
430,1619,4,0.03484937
431,1612,0,0.6127476
431,1612,1,0.0112046935
431,1612,2,0.09203913
431,1612,3,0.07553965
431,1612,4,0.20846888
432,1606,0,0.075292654
432,1606,1,0.8620509
432,1606,2,0.01614098
432,1606,4,0.037072368
433,1607,0,0.21452175
433,1607,1,0.06900295
433,1607,2,0.4162158
433,1607,3,0.019982632
433,1607,4,0.28027686
434,1608,0,0.40949735
434,1608,1,0.2936073
434,1608,2,0.2423976
434,1608,3,0.027915262
434,1608,4,0.026582457
435,1601,0,0.68537915
435,1601,1,0.014277838
435,1601,2,0.04192214
435,1601,3,0.22935882
435,1601,4,0.029061994
436,1602,0,0.1295798
436,1602,1,0.70037574
436,1602,2,0.07963377
436,1602,3,0.04709949
436,1602,4,0.043311216
437,1593,0,0.15536809
437,1593,1,0.4222175
437,1593,2,0.2975407
437,1593,3,0.065053135
437,1593,4,0.059820704
438,1597,0,0.16592124
438,1597,1,0.40916556
438,1597,2,0.3000367
438,1597,3,0.06505485
438,1597,4,0.059821583
439,1587,0,0.15554447
439,1587,1,0.03873163
439,1587,2,0.680853
439,1587,3,0.065051384
439,1587,4,0.059819512
440,1581,0,0.110050015
440,1581,1,0.011376075
440,1581,2,0.6576423
440,1581,3,0.20352581
440,1581,4,0.017405838
441,1578,0,0.32064456
441,1578,2,0.09236808
441,1578,4,0.5725485
442,1579,0,0.6671405
442,1579,1,0.18548344
442,1579,2,0.031911958
442,1579,3,0.097688995
442,1579,4,0.017775126
443,1554,0,0.10625418
443,1554,1,0.34780833
443,1554,2,0.48002627
443,1554,3,0.034488354
443,1554,4,0.031422917
444,1560,0,0.11244926
444,1560,1,0.7175153
444,1560,2,0.079546176
444,1560,3,0.04717752
444,1560,4,0.04331172
445,1563,0,0.06657152
445,1563,1,0.016611999
445,1563,2,0.8577995
445,1563,3,0.033187218
445,1563,4,0.02582981
446,1564,0,0.22782438
446,1564,2,0.07298714
446,1564,3,0.64949936
446,1564,4,0.046090636
447,1565,0,0.55838037
447,1565,1,0.06255312
447,1565,2,0.17741334
447,1565,3,0.10505104
447,1565,4,0.096602105
448,1566,0,0.20438659
448,1566,2,0.5219337
448,1566,3,0.18905096
448,1566,4,0.07811858
449,1568,0,0.13396554
449,1568,1,0.030137328
449,1568,2,0.53171235
449,1568,3,0.028128067
449,1568,4,0.27605662
450,1572,0,0.13058062
450,1572,1,0.032541543
450,1572,2,0.092342116
450,1572,3,0.37511334
450,1572,4,0.3694224
451,1537,0,0.03127078
451,1537,1,0.9214181
451,1537,2,0.023195544
451,1537,3,0.012590819
451,1537,4,0.011524835
452,1538,0,0.29718602
452,1538,1,0.027695281
452,1538,2,0.1957408
452,1538,4,0.47152123
453,1544,0,0.74509054
453,1544,1,0.019839749
453,1544,2,0.17110638
453,1544,3,0.03332177
453,1544,4,0.03064155
454,1549,0,0.19182567
454,1549,1,0.5182545
454,1549,2,0.13569333
454,1549,3,0.08034441
454,1549,4,0.073882096
455,1522,0,0.69670427
455,1522,1,0.024651295
455,1522,2,0.07906
455,1522,3,0.046145156
455,1522,4,0.15343924
456,1523,0,0.55838037
456,1523,1,0.06255312
456,1523,2,0.17741334
456,1523,3,0.10505104
456,1523,4,0.096602105
457,1525,0,0.5485146
457,1525,1,0.06255272
457,1525,2,0.17740986
457,1525,3,0.10504994
457,1525,4,0.10647291
458,1528,0,0.73574424
458,1528,1,0.021991976
458,1528,2,0.062420208
458,1528,3,0.1451437
458,1528,4,0.034699865
459,1529,0,0.20436946
459,1529,1,0.4944304
459,1529,2,0.21917441
459,1529,3,0.041394074
459,1529,4,0.04063166
460,1530,0,0.17482138
460,1530,1,0.22904842
460,1530,2,0.47031075
460,1530,3,0.06600678
460,1530,4,0.05981267
461,1531,0,0.21165422
461,1531,1,0.028091984
461,1531,2,0.66726613
461,1531,3,0.049671907
461,1531,4,0.0433158
462,1534,0,0.34511793
462,1534,1,0.03961991
462,1534,2,0.30058855
462,1534,3,0.2548395
462,1534,4,0.05983414
463,1510,0,0.32064465
463,1510,2,0.092367984
463,1510,4,0.5725485
464,1517,0,0.51091665
464,1517,2,0.05145573
464,1517,3,0.11903733
464,1517,4,0.31508622
465,1518,0,0.030285485
465,1518,1,0.92449105
465,1518,2,0.02116639
465,1518,3,0.01253256
465,1518,4,0.011524579
466,1520,0,0.26045802
466,1520,2,0.223005
466,1520,3,0.03205808
466,1520,4,0.48246673
467,1498,0,0.2669139
467,1498,2,0.011908016
467,1498,4,0.7113939
468,1503,0,0.072657265
468,1503,1,0.10601122
468,1503,2,0.6742079
468,1503,3,0.11919486
468,1503,4,0.027928723
469,1504,0,0.3387044
469,1504,1,0.013404338
469,1504,2,0.2667986
469,1504,3,0.097102135
469,1504,4,0.28399053
470,1505,0,0.8220627
470,1505,1,0.012609573
470,1505,2,0.03551498
470,1505,3,0.11015494
470,1505,4,0.019657793
471,1506,0,0.15802981
471,1506,1,0.038734127
471,1506,2,0.6783457
471,1506,3,0.065060645
471,1506,4,0.05982969
472,1481,0,0.42675823
472,1481,1,0.04784498
472,1481,2,0.1367634
472,1481,3,0.080360994
472,1481,4,0.30827236
473,1483,0,0.20243338
473,1483,1,0.7289451
473,1483,2,0.047601845
473,1483,3,0.010966319
473,1483,4,0.010053332
474,1485,0,0.16041426
474,1485,1,0.19256368
474,1485,2,0.5421153
474,1485,3,0.05465178
474,1485,4,0.050255056
475,1486,0,0.80517274
475,1486,1,0.064225495
475,1486,2,0.021624167
475,1486,3,0.097528495
475,1486,4,0.011449132
476,1491,0,0.72131735
476,1491,1,0.022080962
476,1491,2,0.18572378
476,1491,3,0.036923937
476,1491,4,0.033953957
477,1476,0,0.31734312
477,1476,1,0.19817896
477,1476,2,0.24304071
477,1476,3,0.21348946
477,1476,4,0.027947709
478,1479,0,0.36218905
478,1479,1,0.090344585
478,1479,2,0.25622615
478,1479,3,0.15172145
478,1479,4,0.13951877
479,1465,0,0.290149
479,1465,1,0.032541286
479,1465,2,0.09233961
479,1465,3,0.5347015
479,1465,4,0.050268553
480,1436,0,0.33544868
480,1436,1,0.019843914
480,1436,2,0.5785509
480,1436,3,0.034248993
480,1436,4,0.031907547
481,1438,0,0.21607691
481,1438,1,0.047846038
481,1438,2,0.58062476
481,1438,3,0.08155379
481,1438,4,0.07389856
482,1442,0,0.42126447
482,1442,1,0.019879445
482,1442,2,0.056289863
482,1442,3,0.03336228
482,1442,4,0.46920395
483,1446,0,0.11502632
483,1446,2,0.16915394
483,1446,3,0.17896037
483,1446,4,0.53368264
484,1447,0,0.30464455
484,1447,2,0.36957797
484,1447,3,0.09616645
484,1447,4,0.22674672
485,1453,0,0.36218905
485,1453,1,0.090344585
485,1453,2,0.25622615
485,1453,3,0.15172145
485,1453,4,0.13951877
486,1412,0,0.32456726
486,1412,1,0.5648889
486,1412,2,0.05638206
486,1412,3,0.028521491
486,1412,4,0.025640275
487,1414,0,0.19971512
487,1414,1,0.5655821
487,1414,2,0.10984972
487,1414,3,0.06504171
487,1414,4,0.059811253
488,1389,0,0.10860723
488,1389,1,0.50681245
488,1389,2,0.3714555
489,1390,0,0.20763102
489,1390,1,0.33302528
489,1390,2,0.36588207
489,1390,4,0.08918097
490,1397,0,0.13063267
490,1397,1,0.032545116
490,1397,2,0.412388
490,1397,3,0.05467181
490,1397,4,0.3697624
491,1398,0,0.2556838
491,1398,1,0.6021296
491,1398,2,0.04128233
491,1398,3,0.02103675
491,1398,4,0.07986754
492,1402,0,0.43804663
492,1402,1,0.3806645
492,1402,2,0.029521737
492,1402,3,0.016147792
492,1402,4,0.13561933
493,1406,0,0.3529276
493,1406,2,0.2510971
493,1406,4,0.38133898
494,1407,0,0.07902842
494,1407,1,0.3203623
494,1407,2,0.43125156
494,1407,4,0.1621699
495,1408,0,0.1304476
495,1408,1,0.03253261
495,1408,2,0.7321402
495,1408,3,0.054637253
495,1408,4,0.050242387
496,1409,0,0.19202864
496,1409,1,0.04785342
496,1409,2,0.37058482
496,1409,3,0.31136706
496,1409,4,0.078166045
497,1369,0,0.49130046
497,1369,1,0.07823742
497,1369,2,0.2179458
497,1369,3,0.12618257
497,1369,4,0.08633376
498,1371,0,0.46781388
498,1371,1,0.028085576
498,1371,2,0.41286278
498,1371,3,0.04792329
498,1371,4,0.043314517
499,1372,0,0.4603194
499,1372,1,0.019842008
499,1372,2,0.06256715
499,1372,3,0.04506664
499,1372,4,0.41220483
500,1373,0,0.16134645
500,1373,1,0.63147837
500,1373,2,0.14038529
500,1373,3,0.058458548
501,1375,0,0.09651387
501,1375,1,0.14871792
501,1375,2,0.4629002
501,1375,3,0.12794207
501,1375,4,0.1639259
502,1376,0,0.19074978
502,1376,1,0.18301418
502,1376,2,0.052620616
502,1376,3,0.028066717
502,1376,4,0.54554874
503,1378,0,0.39057487
503,1378,1,0.39639178
503,1378,2,0.12544951
503,1378,3,0.014503288
503,1378,4,0.07308047
504,1384,0,0.5693419
504,1384,1,0.024655864
504,1384,2,0.23626496
504,1384,3,0.0616393
504,1384,4,0.108098
505,1387,0,0.0572247
505,1387,1,0.014278476
505,1387,2,0.042402796
505,1387,3,0.024022156
505,1387,4,0.8620719
506,1388,0,0.2515442
506,1388,1,0.377994
506,1388,2,0.25508773
506,1388,3,0.02397709
506,1388,4,0.091396935
507,1313,0,0.47286025
507,1313,1,0.012550567
507,1313,2,0.036364324
507,1313,3,0.45819947
507,1313,4,0.020025402
508,1314,0,0.08026865
508,1314,1,0.019850967
508,1314,2,0.44641006
508,1314,3,0.42250732
508,1314,4,0.030963039
509,1316,0,0.2828867
509,1316,1,0.013027933
509,1316,2,0.66298455
509,1316,3,0.021769382
509,1316,4,0.01933149
510,1317,0,0.343641
510,1317,1,0.06833302
510,1317,2,0.17930146
510,1317,3,0.019803263
510,1317,4,0.3889213
511,1325,0,0.10753008
511,1325,1,0.8190322
511,1325,2,0.036051508
511,1325,3,0.019415354
511,1325,4,0.017970826
512,1328,0,0.49631122
512,1328,1,0.26771683
512,1328,2,0.14479923
512,1328,3,0.047856044
512,1328,4,0.043316685
513,1329,0,0.19433814
513,1329,1,0.7438454
513,1329,2,0.017234147
513,1329,4,0.035158925
514,1330,0,0.28528544
514,1330,2,0.07888443
514,1330,3,0.549529
514,1330,4,0.082918376
515,1331,0,0.38400942
515,1331,1,0.3078519
515,1331,2,0.10231126
515,1331,3,0.020039698
515,1331,4,0.18578768
516,1332,0,0.62523675
516,1332,1,0.023093253
516,1332,2,0.27910694
516,1332,3,0.038611505
516,1332,4,0.03395147
517,1333,0,0.11671461
517,1333,1,0.02466472
517,1333,2,0.6627655
517,1333,3,0.04144508
517,1333,4,0.15441005
518,1334,0,0.6014194
518,1334,1,0.021984795
518,1334,2,0.07182167
518,1334,3,0.039158996
518,1334,4,0.26561517
519,1337,0,0.050716177
519,1337,2,0.80239594
519,1337,3,0.12917438
519,1337,4,0.0107553005
520,1339,0,0.089932695
520,1339,1,0.014278334
520,1339,2,0.04899776
520,1339,3,0.7529446
520,1339,4,0.09384669
521,1341,0,0.18013488
521,1341,1,0.19222575
521,1341,2,0.36282787
521,1341,3,0.21455774
521,1341,4,0.050253805
522,1342,0,0.029562268
522,1342,2,0.063205466
522,1342,3,0.8565221
522,1342,4,0.043971244
523,1344,0,0.1553534
523,1344,1,0.038732607
523,1344,2,0.6810355
523,1344,3,0.06505592
523,1344,4,0.05982253
524,1349,0,0.111224696
524,1349,1,0.03490416
524,1349,2,0.7758693
524,1349,3,0.0104975095
524,1349,4,0.06750434
525,1351,0,0.27704045
525,1351,2,0.60190684
525,1351,4,0.106632486
526,1352,0,0.10461564
526,1352,2,0.06530638
526,1352,3,0.7270173
526,1352,4,0.0994439
527,1353,0,0.033519823
527,1353,2,0.65181744
527,1353,3,0.10791529
527,1353,4,0.20080341
528,1354,0,0.15575686
528,1354,1,0.29363748
528,1354,2,0.27218264
528,1354,3,0.17791133
528,1354,4,0.100511715
529,1355,0,0.3824566
529,1355,1,0.106173284
529,1355,2,0.3740992
529,1355,3,0.028107299
529,1355,4,0.10916358
530,1357,0,0.5398439
530,1357,1,0.012535295
530,1357,2,0.4061839
530,1357,3,0.021766901
530,1357,4,0.01966994
531,1302,0,0.0572247
531,1302,1,0.014278476
531,1302,2,0.042403545
531,1302,3,0.024022156
531,1302,4,0.86207116
532,1287,0,0.42463547
532,1287,1,0.49238607
532,1287,2,0.04218732
532,1287,4,0.031917922
533,1291,0,0.06688963
533,1291,2,0.017541822
533,1291,3,0.8999467
534,1266,0,0.28571212
534,1266,1,0.16608876
534,1266,2,0.45222688
534,1266,3,0.052631177
534,1266,4,0.04334107
535,1267,0,0.36218905
535,1267,1,0.090344585
535,1267,2,0.25622615
535,1267,3,0.15172145
535,1267,4,0.13951877
536,1268,0,0.53754747
536,1268,1,0.020907842
536,1268,2,0.37622884
536,1268,3,0.03391268
536,1268,4,0.03140315
537,1269,0,0.4542231
537,1269,1,0.34557793
537,1269,2,0.09529948
537,1269,3,0.054647524
537,1269,4,0.050252043
538,1271,0,0.05526602
538,1271,2,0.015165845
538,1271,3,0.915991
539,1278,0,0.0572247
539,1278,1,0.014278476
539,1278,2,0.042402692
539,1278,3,0.024022156
539,1278,4,0.862072
540,1243,0,0.32559487
540,1243,2,0.2551202
540,1243,3,0.2585319
540,1243,4,0.15838316
541,1244,0,0.28330797
541,1244,2,0.19059107
541,1244,3,0.065306164
541,1244,4,0.45812172
542,1212,0,0.24401295
542,1212,1,0.046988517
542,1212,2,0.44874495
542,1212,3,0.014147278
542,1212,4,0.2461064
543,1215,0,0.65827304
543,1215,1,0.16558962
543,1215,2,0.08126274
543,1215,3,0.051557645
543,1215,4,0.043316938
544,1220,0,0.48742798
544,1220,1,0.03873204
544,1220,2,0.1098754
544,1220,3,0.30414435
544,1220,4,0.05982025
545,1221,0,0.36218905
545,1221,1,0.090344585
545,1221,2,0.25622615
545,1221,3,0.15172145
545,1221,4,0.13951877
546,1225,0,0.68334657
546,1225,1,0.014790731
546,1225,2,0.17865767
546,1225,3,0.026057374
546,1225,4,0.09714767
547,1228,0,0.7652087
547,1228,1,0.032534692
547,1228,2,0.097310804
547,1228,3,0.054697797
547,1228,4,0.050247997
548,1232,0,0.1305104
548,1232,1,0.032535683
548,1232,2,0.09230051
548,1232,3,0.6943975
548,1232,4,0.05025592
549,1233,0,0.12516919
549,1233,1,0.02804917
549,1233,2,0.6168934
549,1233,3,0.048775177
549,1233,4,0.18111306
550,1235,0,0.36218905
550,1235,1,0.090344585
550,1235,2,0.25622615
550,1235,3,0.15172145
550,1235,4,0.13951877
551,1203,0,0.53914
551,1203,1,0.091188625
551,1203,2,0.17791343
551,1203,3,0.025263472
551,1203,4,0.16649453
552,1195,0,0.55838037
552,1195,1,0.06255312
552,1195,2,0.17741334
552,1195,3,0.10505103
552,1195,4,0.096602105
553,1198,0,0.42773065
553,1198,1,0.1926328
553,1198,2,0.2993491
553,1198,3,0.042223085
553,1198,4,0.038064398
554,1201,0,0.5335227
554,1201,1,0.03873851
554,1201,2,0.10992122
554,1201,3,0.06792108
554,1201,4,0.24989648
555,1186,0,0.18936783
555,1186,1,0.03872713
555,1186,2,0.6413268
555,1186,3,0.07077043
555,1186,4,0.059807964
556,1187,0,0.7618411
556,1187,1,0.019843275
556,1187,2,0.05630718
556,1187,3,0.13080114
556,1187,4,0.031207332
557,1189,0,0.53376526
557,1189,1,0.036332764
557,1189,2,0.36228085
557,1189,3,0.04172476
557,1189,4,0.025896344
558,1190,0,0.19089833
558,1190,1,0.038812827
558,1190,2,0.33202782
558,1190,3,0.19506155
558,1190,4,0.2431994
559,1191,0,0.0924866
559,1191,2,0.56700647
559,1191,4,0.32600296
560,1169,0,0.35160723
560,1169,1,0.56404847
560,1169,2,0.02380958
560,1169,3,0.012108302
560,1169,4,0.04842645
561,1172,0,0.6996604
561,1172,1,0.057490293
561,1172,2,0.1263231
561,1172,3,0.013193764
561,1172,4,0.10333249
562,1173,0,0.19210264
562,1173,1,0.047837336
562,1173,2,0.60584515
562,1173,3,0.08033823
562,1173,4,0.07387658
563,1174,0,0.766061
563,1174,1,0.03253469
563,1174,2,0.09425967
563,1174,3,0.05489496
563,1174,4,0.05224966
564,1177,0,0.08815862
564,1177,1,0.13581641
564,1177,2,0.5961495
564,1177,3,0.037865825
564,1177,4,0.1420096
565,1179,0,0.17667358
565,1179,2,0.58062184
565,1179,3,0.13028444
565,1179,4,0.10929517
566,1181,0,0.18328722
566,1181,2,0.5902849
566,1181,3,0.0606851
566,1181,4,0.16320404
567,1163,0,0.8401323
567,1163,1,0.010598968
567,1163,2,0.03136327
567,1163,3,0.10143176
567,1163,4,0.016473567
568,1156,0,0.12887265
568,1156,1,0.011190959
568,1156,2,0.18004204
568,1156,3,0.66244
568,1156,4,0.017454356
569,1158,0,0.58507687
569,1158,1,0.024815796
569,1158,2,0.18866695
569,1158,3,0.0419552
569,1158,4,0.15948522
570,1146,0,0.5998063
570,1146,1,0.28451133
570,1146,2,0.05547556
570,1146,3,0.03228866
570,1146,4,0.027918188
571,1149,0,0.31562623
571,1149,1,0.63948494
571,1149,2,0.021823652
571,1149,3,0.012303377
571,1149,4,0.010761774
572,1151,0,0.14705795
572,1151,2,0.021723174
572,1151,3,0.81288034
572,1151,4,0.011119922
573,1116,0,0.14772882
573,1116,2,0.21239518
573,1116,3,0.5633436
573,1116,4,0.07231495
574,1118,0,0.056200325
574,1118,2,0.7336267
574,1118,4,0.20303026
575,1119,0,0.32093912
575,1119,1,0.04695685
575,1119,2,0.29268202
575,1119,3,0.17808649
575,1119,4,0.1613355
576,1120,0,0.55838037
576,1120,1,0.06255312
576,1120,2,0.17741334
576,1120,3,0.10505103
576,1120,4,0.096602105
577,1121,0,0.07808892
577,1121,2,0.70150906
577,1121,3,0.06620498
577,1121,4,0.1505138
578,1122,0,0.10770568
578,1122,2,0.5708505
578,1122,3,0.072512865
578,1122,4,0.24172223
579,1123,0,0.045927875
579,1123,2,0.17333344
579,1123,3,0.6438924
579,1123,4,0.13488838
580,1124,0,0.16424572
580,1124,2,0.67273504
580,1124,3,0.067713365
580,1124,4,0.09213396
581,1135,0,0.36218905
581,1135,1,0.090344585
581,1135,2,0.25622615
581,1135,3,0.15172145
581,1135,4,0.13951877
582,1136,0,0.769591
582,1136,1,0.013399461
582,1136,2,0.03861369
582,1136,3,0.02258203
582,1136,4,0.15581378
583,1137,0,0.75201786
583,1137,1,0.11721096
583,1137,2,0.063635714
583,1137,3,0.0334025
583,1137,4,0.033732884
584,1106,0,0.2763019
584,1106,1,0.020086559
584,1106,2,0.4058419
584,1106,3,0.14329593
584,1106,4,0.15447372
585,1110,0,0.2753295
585,1110,1,0.20823243
585,1110,2,0.36586535
585,1110,3,0.033979036
585,1110,4,0.11659373
586,1111,0,0.2730883
586,1111,1,0.055659257
586,1111,2,0.40124518
586,1111,3,0.010879971
586,1111,4,0.25912735
587,1114,0,0.63618
587,1114,1,0.011789645
587,1114,2,0.1790668
587,1114,3,0.024104413
587,1114,4,0.1488592
588,1093,0,0.78860974
588,1093,1,0.07196122
588,1093,2,0.101218484
588,1093,3,0.019996382
588,1093,4,0.01821413
589,1094,0,0.19583203
589,1094,2,0.41526285
589,1094,3,0.03748212
589,1094,4,0.34596175
590,1095,0,0.36782712
590,1095,1,0.02047066
590,1095,2,0.5477059
590,1095,3,0.033340394
590,1095,4,0.030656
591,1096,0,0.3008207
591,1096,2,0.021917991
591,1096,3,0.65894705
591,1096,4,0.011337985
592,1097,0,0.33490455
592,1097,1,0.10580362
592,1097,2,0.46815076
592,1097,3,0.017331745
592,1097,4,0.07380933
593,1098,0,0.67782867
593,1098,1,0.014989748
593,1098,2,0.2611607
593,1098,3,0.023974696
593,1098,4,0.022046216
594,1099,0,0.5260585
594,1099,2,0.4364248
594,1099,3,0.014987228
594,1099,4,0.013512065
595,1101,0,0.10098808
595,1101,1,0.6411115
595,1101,2,0.11379941
595,1101,3,0.022097968
595,1101,4,0.12200311
596,1084,0,0.21975978
596,1084,1,0.58103037
596,1084,2,0.09432233
596,1084,3,0.05464161
596,1084,4,0.050245848
597,1078,0,0.100324735
597,1078,1,0.13768192
597,1078,2,0.07978619
597,1078,3,0.64413434
597,1078,4,0.03807279
598,1082,0,0.32228452
598,1082,1,0.63743883
598,1082,2,0.019255372
598,1082,3,0.010969001
598,1082,4,0.010052268
599,1059,0,0.3156271
599,1059,1,0.6394858
599,1059,2,0.021821896
599,1059,3,0.012303376
599,1059,4,0.010761774
600,1063,0,0.041217417
600,1063,2,0.026674237
600,1063,3,0.90885144
600,1063,4,0.014115564
601,1006,0,0.53325206
601,1006,2,0.18955058
601,1006,3,0.01615285
601,1006,4,0.25190243
602,1011,0,0.026862074
602,1011,2,0.5141684
602,1011,3,0.09362723
602,1011,4,0.3597126
603,1012,0,0.017792897
603,1012,2,0.62467134
603,1012,3,0.18498689
603,1012,4,0.16857637
604,1013,0,0.47929153
604,1013,2,0.09595173
604,1013,3,0.19161181
604,1013,4,0.2259281
605,1016,0,0.5494341
605,1016,1,0.019929452
605,1016,2,0.05696502
605,1016,3,0.3428927
605,1016,4,0.030778658
606,1018,0,0.13082111
606,1018,1,0.03255791
606,1018,2,0.5740312
606,1018,3,0.21228257
606,1018,4,0.050307143
607,1019,0,0.15537474
607,1019,1,0.03873416
607,1019,2,0.6809981
607,1019,3,0.06506715
607,1019,4,0.059825975
608,1027,0,0.1411819
608,1027,1,0.03253298
608,1027,2,0.5192425
608,1027,3,0.25649372
608,1027,4,0.050548922
609,1028,0,0.3339708
609,1028,1,0.03042576
609,1028,2,0.3918592
609,1028,3,0.052437402
609,1028,4,0.19130689
610,1029,0,0.09369349
610,1029,2,0.6132968
610,1029,3,0.069103755
610,1029,4,0.21939106
611,1030,0,0.10693936
611,1030,2,0.434235
611,1030,3,0.23339789
611,1030,4,0.2213749
612,1031,0,0.3411711
612,1031,2,0.46623734
612,1031,3,0.089732796
612,1031,4,0.09895541
613,1032,0,0.1246621
613,1032,2,0.6632576
613,1032,3,0.010748258
613,1032,4,0.19520943
614,1033,0,0.31037915
614,1033,1,0.016379349
614,1033,2,0.26501152
614,1033,3,0.19574945
614,1033,4,0.21248052
615,1034,0,0.05211318
615,1034,2,0.21565239
615,1034,3,0.61863494
615,1034,4,0.111461364
616,1035,0,0.3413548
616,1035,1,0.022945987
616,1035,2,0.14638406
616,1035,3,0.46098983
616,1035,4,0.02832535
617,1036,0,0.041215476
617,1036,2,0.5649116
617,1036,3,0.016087644
617,1036,4,0.36861733
618,1039,0,0.5954137
618,1039,1,0.032537572
618,1039,2,0.0994671
618,1039,3,0.054675367
618,1039,4,0.21790631
619,1041,0,0.570052
619,1041,1,0.032544117
619,1041,2,0.10165752
619,1041,3,0.24550009
619,1041,4,0.050246228
620,1047,0,0.122500986
620,1047,1,0.02808669
620,1047,2,0.7567376
620,1047,3,0.04920286
620,1047,4,0.043471918
621,977,0,0.3866411
621,977,1,0.024780441
621,977,2,0.076947905
621,977,3,0.0416216
621,977,4,0.47000906
622,978,0,0.43306938
622,978,1,0.23322195
622,978,2,0.13038726
622,978,3,0.013236273
622,978,4,0.19008514
623,980,0,0.4262009
623,980,1,0.283715
623,980,2,0.13578506
623,980,3,0.08038397
623,980,4,0.073915064
624,994,0,0.30845448
624,994,2,0.1440984
624,994,3,0.13030115
624,994,4,0.41540134
625,996,0,0.8253107
625,996,1,0.024751063
625,996,2,0.06990515
625,996,3,0.04174008
625,996,4,0.038293097
626,997,0,0.36218905
626,997,1,0.090344585
626,997,2,0.25622615
626,997,3,0.15172145
626,997,4,0.13951877
627,998,0,0.6809647
627,998,1,0.017186202
627,998,2,0.16584937
627,998,3,0.11035673
627,998,4,0.025643054
628,1001,0,0.40369883
628,1001,1,0.013402753
628,1001,2,0.03785708
628,1001,3,0.16132805
628,1001,4,0.38371328
629,969,0,0.36218905
629,969,1,0.090344585
629,969,2,0.25622615
629,969,3,0.15172145
629,969,4,0.13951877
630,963,0,0.56192756
630,963,1,0.038801126
630,963,2,0.37683016
630,963,3,0.011329361
630,963,4,0.011111732
631,922,0,0.60034865
631,922,1,0.012515067
631,922,2,0.26877522
631,922,3,0.021548333
631,922,4,0.09681278
632,923,0,0.70400745
632,923,1,0.18038659
632,923,2,0.05845329
632,923,3,0.028223127
632,923,4,0.028929418
633,924,0,0.25997534
633,924,1,0.3517686
633,924,2,0.29737297
633,924,3,0.047561597
633,924,4,0.04332144
634,925,0,0.3479446
634,925,1,0.011195121
634,925,2,0.25674602
634,925,3,0.020644302
634,925,4,0.36346993
635,926,0,0.09269335
635,926,1,0.023565954
635,926,2,0.6544032
635,926,3,0.017985972
635,926,4,0.21135147
636,932,0,0.1306761
636,932,2,0.63240796
636,932,4,0.22494577
637,933,0,0.16973984
637,933,2,0.28831324
637,933,3,0.0115488265
637,933,4,0.5238899
638,934,0,0.041022364
638,934,2,0.5602388
638,934,3,0.15464404
638,934,4,0.24003935
639,936,0,0.50795954
639,936,1,0.03253553
639,936,2,0.09229883
639,936,3,0.31459624
639,936,4,0.052609816
640,945,0,0.661124
640,945,1,0.09244884
640,945,2,0.10047197
640,945,3,0.13583286
640,945,4,0.010122326
641,953,0,0.5093301
641,953,1,0.08453186
641,953,2,0.26287264
641,953,3,0.120702565
641,953,4,0.022562869
642,898,0,0.13042441
642,898,1,0.5124983
642,898,2,0.25220674
642,898,3,0.054632317
642,898,4,0.05023829
643,901,0,0.20469591
643,901,1,0.016548222
643,901,2,0.4059553
643,901,3,0.040037993
643,901,4,0.33276257
644,889,0,0.25923494
644,889,1,0.114404954
644,889,2,0.5524255
644,889,3,0.039977737
644,889,4,0.033956937
645,883,0,0.02159625
645,883,1,0.033923935
645,883,2,0.74111485
645,883,3,0.0574923
645,883,4,0.14587261
646,884,0,0.02851707
646,884,1,0.040227666
646,884,2,0.34312293
646,884,3,0.209885
646,884,4,0.37824735
647,861,0,0.05592014
647,861,2,0.015165831
647,861,3,0.91533923
648,869,0,0.21298744
648,869,1,0.0142997205
648,869,2,0.11062591
648,869,3,0.64004797
648,869,4,0.022039033
649,848,0,0.2049482
649,848,2,0.43002203
649,848,3,0.22952886
649,848,4,0.13327406
650,855,0,0.19547716
650,855,2,0.020162813
650,855,3,0.73368907
650,855,4,0.044311788
651,840,0,0.45782003
651,840,1,0.10757693
651,840,2,0.19701132
651,840,3,0.21392368
651,840,4,0.023668032
652,841,0,0.16817363
652,841,1,0.018078325
652,841,2,0.054146484
652,841,3,0.031130752
652,841,4,0.7284708
653,831,0,0.25441143
653,831,1,0.010577576
653,831,2,0.6362739
653,831,3,0.018402306
653,831,4,0.08033477
654,826,0,0.021309262
654,826,2,0.6987116
654,826,3,0.14398143
654,826,4,0.13093996
655,827,0,0.10038658
655,827,2,0.6492206
655,827,3,0.05262819
655,827,4,0.19433168
656,823,0,0.49751756
656,823,1,0.10540144
656,823,2,0.06983984
656,823,3,0.31263837
656,823,4,0.014602896
657,810,0,0.32328638
657,810,1,0.6199617
657,810,2,0.02821507
657,810,3,0.014991115
657,810,4,0.013545767
658,818,0,0.082140006
658,818,1,0.60155064
658,818,2,0.15493853
658,818,3,0.033657648
658,818,4,0.12771314
659,819,0,0.58448887
659,819,1,0.02697958
659,819,2,0.19086948
659,819,3,0.041422967
659,819,4,0.1562392
660,767,0,0.3015489
660,767,1,0.017422736
660,767,2,0.32918352
660,767,3,0.028033368
660,767,4,0.3238114
661,768,0,0.1930845
661,768,1,0.27775297
661,768,2,0.27253592
661,768,3,0.09122174
661,768,4,0.1654049
662,771,0,0.5462695
662,771,1,0.010058547
662,771,2,0.20724207
662,771,3,0.15206055
662,771,4,0.08436946
663,774,0,0.20488784
663,774,1,0.50482017
663,774,2,0.13607974
663,774,3,0.08033681
663,774,4,0.07387532
664,777,0,0.25992128
664,777,1,0.016690696
664,777,2,0.16143204
664,777,3,0.53631425
664,777,4,0.025641711
665,780,0,0.07660588
665,780,2,0.46433154
665,780,3,0.13403897
665,780,4,0.32138717
666,781,0,0.116419695
666,781,2,0.46829617
666,781,3,0.13158433
666,781,4,0.2785124
667,785,0,0.19186419
667,785,1,0.5181834
667,785,2,0.13571161
667,785,3,0.080352396
667,785,4,0.07388837
668,786,0,0.047196027
668,786,2,0.7546371
668,786,3,0.06667062
668,786,4,0.1264419
669,787,0,0.08688669
669,787,2,0.55866385
669,787,3,0.21904652
669,787,4,0.13079749
670,788,0,0.02013694
670,788,2,0.53523433
670,788,3,0.061057523
670,788,4,0.378736
671,789,0,0.10731206
671,789,2,0.23013732
671,789,3,0.4642835
671,789,4,0.1964902
672,790,0,0.053525437
672,790,2,0.77073455
672,790,4,0.16547495
673,791,0,0.15532552
673,791,1,0.038730633
673,791,2,0.67640024
673,791,3,0.06504947
673,791,4,0.06449418
674,793,0,0.07302619
674,793,2,0.6835033
674,793,3,0.022903059
674,793,4,0.21744898
675,802,0,0.12400456
675,802,1,0.5526336
675,802,2,0.07968861
675,802,3,0.2003527
675,802,4,0.04332055
676,741,0,0.47449076
676,741,2,0.19467144
676,741,3,0.06573032
676,741,4,0.25542653
677,745,0,0.33453795
677,745,1,0.014494213
677,745,2,0.1321295
677,745,3,0.49679485
677,745,4,0.02204353
678,747,0,0.3248582
678,747,1,0.18007647
678,747,2,0.45962545
678,747,3,0.017190786
678,747,4,0.018249074
679,748,0,0.56815827
679,748,1,0.01983859
679,748,2,0.3475052
679,748,3,0.033678733
679,748,4,0.030819206
680,750,0,0.3986386
680,750,2,0.25300822
680,750,3,0.09859665
680,750,4,0.24398589
681,755,0,0.35423997
681,755,1,0.013334646
681,755,2,0.039156817
681,755,3,0.5725895
681,755,4,0.02067904
682,756,0,0.15272762
682,756,1,0.0771832
682,756,2,0.24942233
682,756,3,0.091885224
682,756,4,0.42878163
683,736,0,0.24989294
683,736,2,0.021202197
683,736,3,0.7105023
683,736,4,0.011120855
684,737,0,0.4298489
684,737,1,0.024650866
684,737,2,0.46203405
684,737,3,0.045395486
684,737,4,0.0380707
685,711,0,0.16794874
685,711,1,0.013365971
685,711,2,0.10566389
685,711,3,0.022668473
685,711,4,0.6903529
686,713,0,0.7379007
686,713,1,0.015348235
686,713,2,0.1955341
686,713,3,0.027308205
686,713,4,0.023908736
687,719,0,0.23789315
687,719,2,0.24594308
687,719,3,0.1599531
687,719,4,0.3532248
688,723,0,0.29860234
688,723,2,0.063272014
688,723,3,0.51953
688,723,4,0.1090166
689,724,0,0.5651014
689,724,1,0.026039682
689,724,2,0.15063134
689,724,3,0.25171375
690,682,0,0.4985689
690,682,1,0.10002125
690,682,2,0.16891569
690,682,3,0.19556072
690,682,4,0.03693351
691,683,0,0.222407
691,683,1,0.66910964
691,683,2,0.01719731
691,683,4,0.08129042
692,689,0,0.5248643
692,689,1,0.03253188
692,689,2,0.11868601
692,689,3,0.05525188
692,689,4,0.26866582
693,691,0,0.09776392
693,691,2,0.61150336
693,691,3,0.03662739
693,691,4,0.25038803
694,692,0,0.11643305
694,692,2,0.36896414
694,692,3,0.40610692
694,692,4,0.105106115
695,693,0,0.17628592
695,693,1,0.015315452
695,693,2,0.5420195
695,693,3,0.07641897
695,693,4,0.18996014
696,694,0,0.15548036
696,694,1,0.038740903
696,694,2,0.30090466
696,694,3,0.06510059
696,694,4,0.43977347
697,695,0,0.45228776
697,695,2,0.27842486
697,695,3,0.11224
697,695,4,0.149582
698,697,0,0.7612414
698,697,1,0.032532156
698,697,2,0.09928857
698,697,3,0.056697622
698,697,4,0.050240263
699,698,0,0.38837612
699,698,1,0.16627988
699,698,2,0.21766399
699,698,3,0.047139455
699,698,4,0.18054058
700,703,0,0.39698422
700,703,1,0.09821646
700,703,2,0.054674145
700,703,3,0.4240902
700,703,4,0.026034951
701,707,0,0.37446147
701,707,1,0.024650075
701,707,2,0.5193157
701,707,3,0.04182359
701,707,4,0.039749097
702,655,0,0.05852777
702,655,2,0.69873387
702,655,3,0.024312448
702,655,4,0.2119044
703,656,0,0.4633422
703,656,1,0.024655432
703,656,2,0.2260007
703,656,3,0.04339383
703,656,4,0.24260785
704,659,0,0.06176883
704,659,2,0.3376441
704,659,3,0.1757069
704,659,4,0.42090884
705,660,0,0.030610288
705,660,2,0.70758015
705,660,3,0.07977242
705,660,4,0.17657584
706,661,0,0.045410424
706,661,2,0.27397084
706,661,3,0.5663971
706,661,4,0.11252009
707,663,0,0.709932
707,663,1,0.038727544
707,663,2,0.118483014
707,663,3,0.07304723
707,663,4,0.05981025
708,664,0,0.426856
708,664,1,0.28318003
708,664,2,0.13571948
708,664,3,0.08035383
708,664,4,0.073890686
709,665,0,0.24905203
709,665,1,0.028055802
709,665,2,0.4943407
709,665,3,0.18521234
709,665,4,0.043339103
710,671,0,0.13044544
710,671,1,0.6724013
710,671,2,0.09227488
710,671,3,0.05463645
710,671,4,0.050241955
711,672,0,0.50634897
711,672,1,0.16600373
711,672,2,0.23720783
711,672,3,0.047114532
711,672,4,0.04332503
712,676,0,0.25493434
712,676,1,0.011422911
712,676,2,0.36359346
712,676,3,0.1896598
712,676,4,0.18038951
713,678,0,0.2249329
713,678,2,0.17724293
713,678,3,0.10755767
713,678,4,0.4882086
714,679,0,0.2293764
714,679,2,0.4298763
714,679,3,0.22274357
714,679,4,0.11542327
715,638,0,0.26086998
715,638,1,0.021625498
715,638,2,0.2878331
715,638,3,0.40577766
715,638,4,0.023893699
716,640,0,0.12067457
716,640,1,0.022207811
716,640,2,0.59028953
716,640,4,0.26107907
717,621,0,0.22995065
717,621,1,0.03419777
717,621,2,0.17615315
717,621,3,0.09300482
717,621,4,0.46669358
718,622,0,0.035855144
718,622,2,0.60951203
718,622,3,0.011544859
718,622,4,0.33657485
719,627,0,0.67044944
719,627,1,0.024647564
719,627,2,0.22259744
719,627,3,0.043735024
719,627,4,0.038570553
720,609,0,0.22253439
720,609,1,0.04252282
720,609,2,0.35628453
720,609,3,0.07203936
720,609,4,0.30661887
721,611,0,0.12887253
721,611,1,0.011190959
721,611,2,0.18004191
721,611,3,0.6624403
721,611,4,0.017454356
722,518,0,0.16238508
722,518,2,0.61929846
722,518,3,0.018354794
722,518,4,0.19721676
723,519,0,0.14337456
723,519,1,0.16829093
723,519,2,0.42942148
723,519,4,0.25198254
724,520,0,0.18409064
724,520,1,0.33892956
724,520,2,0.33023664
724,520,3,0.06918993
724,520,4,0.077553235
725,522,0,0.24208967
725,522,1,0.05108119
725,522,2,0.5714355
725,522,3,0.053448483
725,522,4,0.0819451
726,533,0,0.48484316
726,533,1,0.012575505
726,533,2,0.22644584
726,533,3,0.13127735
726,533,4,0.14485821
727,534,0,0.8414089
727,534,1,0.0111812055
727,534,2,0.032551076
727,534,3,0.09735778
727,534,4,0.017501023
728,538,0,0.28981546
728,538,1,0.010075068
728,538,2,0.2508862
728,538,3,0.43357867
728,538,4,0.015644694
729,540,0,0.50252455
729,540,1,0.18194109
729,540,2,0.18871212
729,540,3,0.013711043
729,540,4,0.11311114
730,541,0,0.5583356
730,541,2,0.3548065
730,541,3,0.014009327
730,541,4,0.06465524
731,543,0,0.17069015
731,543,1,0.2212275
731,543,2,0.36279398
731,543,3,0.22304657
731,543,4,0.022241881
732,544,0,0.1553243
732,544,1,0.22914454
732,544,2,0.3003519
732,544,3,0.25536245
732,544,4,0.059816867
733,545,0,0.30082202
733,545,2,0.055538893
733,545,3,0.5981002
733,545,4,0.039912913
734,552,0,0.15576075
734,552,1,0.23004185
734,552,2,0.4876966
734,552,3,0.066139124
734,552,4,0.060361788
735,554,0,0.22989935
735,554,1,0.22124563
735,554,2,0.44397137
735,554,3,0.054639373
735,554,4,0.050244275
736,557,0,0.36218905
736,557,1,0.090344585
736,557,2,0.25622615
736,557,3,0.15172145
736,557,4,0.13951877
737,558,0,0.37375003
737,558,1,0.54753596
737,558,2,0.013966293
737,558,4,0.0568237
738,559,0,0.19211271
738,559,1,0.047858868
738,559,2,0.1358468
738,559,3,0.5502501
738,559,4,0.07393152
739,563,0,0.048233032
739,563,2,0.20678554
739,563,3,0.6365155
739,563,4,0.106695056
740,564,0,0.12203612
740,564,2,0.102210365
740,564,3,0.6790414
740,564,4,0.09517782
741,566,0,0.30437112
741,566,1,0.021993056
741,566,2,0.602716
741,566,3,0.036945984
741,566,4,0.033973847
742,570,0,0.12610051
742,570,2,0.022175506
742,570,3,0.69627774
742,570,4,0.15287732
743,573,0,0.3634844
743,573,1,0.0126710255
743,573,2,0.032052066
743,573,3,0.51386887
743,573,4,0.07792364
744,574,0,0.6860529
744,574,1,0.016842397
744,574,2,0.1270346
744,574,3,0.14419891
744,574,4,0.025871174
745,578,0,0.13905987
745,578,2,0.66508096
745,578,3,0.012500619
745,578,4,0.17609179
746,581,0,0.03244752
746,581,2,0.4974145
746,581,3,0.20504314
746,581,4,0.26170844
747,584,0,0.10446152
747,584,2,0.6330645
747,584,3,0.060710803
747,584,4,0.19745879
748,585,0,0.064357676
748,585,2,0.5828194
748,585,3,0.05678245
748,585,4,0.28908634
749,586,0,0.083949305
749,586,2,0.6862078
749,586,3,0.1156276
749,586,4,0.10546736
750,589,0,0.39998576
750,589,1,0.04432554
750,589,2,0.25723878
750,589,3,0.25603566
750,589,4,0.042414278
751,593,0,0.39525387
751,593,1,0.014610589
751,593,2,0.12590492
751,593,3,0.025081174
751,593,4,0.4391494
752,596,0,0.45866582
752,596,2,0.38774946
752,596,3,0.13827819
753,598,0,0.3738595
753,598,2,0.2259328
753,598,3,0.33114806
753,598,4,0.06434109
754,599,0,0.172861
754,599,1,0.11677726
754,599,2,0.018522715
754,599,3,0.6495121
754,599,4,0.042326864
755,600,0,0.77171195
755,600,1,0.10680606
755,600,2,0.059107445
755,600,3,0.033333357
755,600,4,0.02904122
756,601,0,0.16176465
756,601,2,0.69630206
756,601,3,0.12688574
757,602,0,0.24482733
757,602,2,0.013254363
757,602,3,0.68754673
757,602,4,0.050055105
758,603,0,0.59295344
758,603,1,0.014354855
758,603,2,0.2764372
758,603,3,0.024726983
758,603,4,0.091527455
759,604,0,0.20944859
759,604,1,0.1911821
759,604,2,0.4605398
759,604,4,0.13411503
760,516,0,0.16060543
760,516,1,0.4139876
760,516,2,0.30026427
760,516,3,0.065336294
760,516,4,0.05980636
761,507,0,0.15538363
761,507,1,0.038734246
761,507,2,0.10989634
761,507,3,0.63431585
761,507,4,0.061669875
762,511,0,0.5632341
762,511,1,0.0143302595
762,511,2,0.041642353
762,511,3,0.3586921
762,511,4,0.022101145
763,494,0,0.25085965
763,494,1,0.06255798
763,494,2,0.4849019
763,494,3,0.105065554
763,494,4,0.09661488
764,490,0,0.7700819
764,490,1,0.032535184
764,490,2,0.09250866
764,490,3,0.05463416
764,490,4,0.05024001
765,491,0,0.435083
765,491,1,0.09203931
765,491,2,0.07725254
765,491,3,0.16110912
765,491,4,0.234516
766,476,0,0.42161238
766,476,1,0.024871984
766,476,2,0.4732928
766,476,3,0.04215421
766,476,4,0.03806858
767,480,0,0.50125736
767,480,1,0.06585198
767,480,2,0.13524753
767,480,3,0.019484488
767,480,4,0.27815866
768,481,0,0.53829587
768,481,1,0.23213391
768,481,2,0.056932904
768,481,3,0.03332368
768,481,4,0.13931371
769,482,0,0.033865955
769,482,2,0.4787357
769,482,3,0.2083407
769,482,4,0.27412194
770,483,0,0.14338972
770,483,2,0.14892013
770,483,3,0.5861035
770,483,4,0.11409252
771,485,0,0.31417444
771,485,2,0.18552941
771,485,3,0.32530853
771,485,4,0.17046694
772,465,0,0.11111123
772,465,2,0.61823624
772,465,3,0.13958016
772,465,4,0.12667058
773,466,0,0.41336027
773,466,1,0.3595211
773,466,2,0.076029226
773,466,3,0.010291506
773,466,4,0.14079785
774,467,0,0.1639328
774,467,1,0.032531366
774,467,2,0.69711053
774,467,3,0.05618578
774,467,4,0.050239485
775,468,0,0.19354336
775,468,1,0.047561936
775,468,2,0.34444097
775,468,3,0.033171862
775,468,4,0.38128185
776,470,0,0.15217343
776,470,2,0.2166215
776,470,3,0.070430495
776,470,4,0.5570252
777,471,0,0.548135
777,471,1,0.04979161
777,471,2,0.2639058
777,471,3,0.12594219
777,471,4,0.01222537
778,472,0,0.4374292
778,472,1,0.115496755
778,472,2,0.028843157
778,472,3,0.40264857
778,472,4,0.01558233
779,473,0,0.10389727
779,473,1,0.024650745
779,473,2,0.79197353
779,473,3,0.041404456
779,473,4,0.038073935
780,475,0,0.39637265
780,475,1,0.062371764
780,475,2,0.17787378
780,475,3,0.18225408
780,475,4,0.1811278
781,463,0,0.21566269
781,463,1,0.017247349
781,463,2,0.5432648
781,463,3,0.05455837
781,463,4,0.16926676
782,455,0,0.34261313
782,455,1,0.118488066
782,455,2,0.39665836
782,455,3,0.013830785
782,455,4,0.12840964
783,457,0,0.43671745
783,457,2,0.2007311
783,457,3,0.2780322
783,457,4,0.08026348
784,459,0,0.27373672
784,459,1,0.3905907
784,459,2,0.10993641
784,459,3,0.17426743
784,459,4,0.051468797
785,461,0,0.3251432
785,461,1,0.124615915
785,461,2,0.41351095
785,461,3,0.06132571
785,461,4,0.07540421
786,453,0,0.31203604
786,453,2,0.2374853
786,453,3,0.013565743
786,453,4,0.43491948
787,454,0,0.33504513
787,454,2,0.114843555
787,454,3,0.09646982
787,454,4,0.45176038
788,447,0,0.35940826
788,447,1,0.028060088
788,447,2,0.26342547
788,447,3,0.05446982
788,447,4,0.29463637
789,451,0,0.11254543
789,451,1,0.02805305
789,451,2,0.7663017
789,451,3,0.04977109
789,451,4,0.043328732
790,452,0,0.18817095
790,452,1,0.028050696
790,452,2,0.08389483
790,452,3,0.51908153
790,452,4,0.18080199
791,439,0,0.19155914
791,439,1,0.03254921
791,439,2,0.092298
791,439,3,0.47382697
791,439,4,0.20976675
792,440,0,0.7983269
792,440,1,0.028046671
792,440,2,0.083206065
792,440,3,0.047104724
792,440,4,0.043315623
793,443,0,0.13072933
793,443,1,0.032551646
793,443,2,0.4099632
793,443,3,0.37646422
793,443,4,0.05029162
794,444,0,0.3118195
794,444,1,0.019846354
794,444,2,0.37054032
794,444,3,0.16151156
794,444,4,0.13628228
795,431,0,0.59656036
795,431,1,0.019841801
795,431,2,0.05737011
795,431,3,0.18962455
795,431,4,0.13660319
796,432,0,0.38665554
796,432,1,0.028050361
796,432,2,0.21957177
796,432,3,0.04711461
796,432,4,0.31860763
797,433,0,0.1273292
797,433,1,0.02804655
797,433,2,0.082798645
797,433,3,0.7185105
797,433,4,0.043315105
798,421,0,0.3459737
798,421,1,0.038742498
798,421,2,0.29956
798,421,3,0.25587502
798,421,4,0.059848707
799,422,0,0.16936183
799,422,1,0.27187058
799,422,2,0.079555266
799,422,3,0.053796835
799,422,4,0.42541552
800,426,0,0.855702
800,426,1,0.019838175
800,426,2,0.059486378
800,426,3,0.033740073
800,426,4,0.031233372
801,428,0,0.37779936
801,428,1,0.028053714
801,428,2,0.49836472
801,428,3,0.052444875
801,428,4,0.04333728
802,429,0,0.22524482
802,429,1,0.019841472
802,429,2,0.6906519
802,429,3,0.033615448
802,429,4,0.03064644
803,430,0,0.10274163
803,430,1,0.5961481
803,430,2,0.07391486
803,430,3,0.041402854
803,430,4,0.18579267
804,409,0,0.22768913
804,409,1,0.038733065
804,409,2,0.18856442
804,409,3,0.29459512
804,409,4,0.25041822
805,410,0,0.8183357
805,410,1,0.02464807
805,410,2,0.07754835
805,410,3,0.041400477
805,410,4,0.03806742
806,412,0,0.78836066
806,412,1,0.028044693
806,412,2,0.09244068
806,412,3,0.047843255
806,412,4,0.043310724
807,413,0,0.46273354
807,413,1,0.024708714
807,413,2,0.06995754
807,413,3,0.162454
807,413,4,0.2801462
808,406,0,0.34078842
808,406,1,0.047850184
808,406,2,0.1357726
808,406,3,0.40167937
808,406,4,0.07390942
809,404,0,0.65978885
809,404,1,0.048410203
809,404,2,0.1356728
809,404,3,0.08225339
809,404,4,0.07387484
810,405,0,0.33655342
810,405,1,0.03873567
810,405,2,0.49980608
810,405,3,0.06506336
810,405,4,0.05984145
811,390,0,0.3630392
811,390,1,0.36798838
811,390,2,0.07006877
811,390,3,0.16082509
811,390,4,0.038078584
812,391,0,0.39447683
812,391,1,0.14558704
812,391,2,0.25941113
812,391,3,0.1624516
812,391,4,0.038073417
813,392,0,0.66305035
813,392,1,0.028047813
813,392,2,0.21847492
813,392,3,0.047107253
813,392,4,0.043319587
814,393,0,0.6627864
814,393,1,0.028046742
814,393,2,0.08105263
814,393,3,0.04710413
814,393,4,0.18101002
815,395,0,0.29249895
815,395,1,0.028050985
815,395,2,0.58900696
815,395,3,0.0471164
815,395,4,0.043326642
816,398,0,0.7438262
816,398,1,0.032534424
816,398,2,0.118749805
816,398,3,0.05464238
816,398,4,0.05024713
817,399,0,0.15531106
817,399,1,0.0387298
817,399,2,0.1098605
817,399,3,0.63628405
817,399,4,0.05981462
818,402,0,0.48608136
818,402,1,0.01810029
818,402,2,0.43658182
818,402,3,0.030459644
818,402,4,0.028776823
819,376,0,0.2906474
819,376,1,0.032536626
819,376,2,0.09230456
819,376,3,0.5342587
819,376,4,0.05025263
820,378,0,0.7506804
820,378,1,0.032531966
820,378,2,0.10602252
820,378,3,0.060523335
820,378,4,0.050241835
821,380,0,0.10619925
821,380,1,0.12545323
821,380,2,0.56792796
821,380,3,0.04140237
821,380,4,0.1590172
822,370,0,0.19194068
822,370,1,0.047846477
822,370,2,0.13574816
822,370,3,0.5505585
822,370,4,0.073906146
823,373,0,0.37903178
823,373,1,0.028046984
823,373,2,0.0830474
823,373,3,0.052888893
823,373,4,0.45698497
824,374,0,0.27850303
824,374,1,0.032588698
824,374,2,0.58153623
824,374,3,0.05487392
824,374,4,0.0524981
825,375,0,0.45738944
825,375,1,0.024649087
825,375,2,0.075043194
825,375,3,0.40484455
825,375,4,0.038073827
826,358,0,0.22818841
826,358,1,0.02464767
826,358,2,0.31239796
826,358,3,0.3966998
826,358,4,0.038066246
827,359,0,0.28513187
827,359,1,0.032541312
827,359,2,0.25176033
827,359,3,0.37514955
827,359,4,0.055416968
828,361,0,0.4978949
828,361,1,0.038730405
828,361,2,0.14720175
828,361,3,0.06640587
828,361,4,0.24976705
829,363,0,0.29041308
829,363,1,0.032544058
829,363,2,0.25120237
829,363,3,0.37556708
829,363,4,0.05027334
830,364,0,0.38844928
830,364,1,0.028050436
830,364,2,0.21718244
830,364,3,0.047115196
830,364,4,0.3192026
831,366,0,0.13050777
831,366,1,0.032536525
831,366,2,0.09230481
831,366,3,0.21427359
831,366,4,0.5303773
832,367,0,0.4467978
832,367,1,0.02198296
832,367,2,0.45803872
832,367,3,0.036919627
832,367,4,0.03626087
833,348,0,0.36892575
833,348,1,0.16629909
833,348,2,0.23777226
833,348,3,0.18367264
833,348,4,0.04333036
834,349,0,0.45069706
834,349,1,0.032547142
834,349,2,0.25261176
834,349,3,0.21387403
834,349,4,0.050270006
835,350,0,0.34570765
835,350,1,0.03872654
835,350,2,0.4907222
835,350,3,0.06503736
835,350,4,0.059806235
836,351,0,0.53638005
836,351,1,0.03872876
836,351,2,0.109854855
836,351,3,0.25522426
836,351,4,0.059812073
837,353,0,0.72307426
837,353,1,0.039041262
837,353,2,0.10983977
837,353,3,0.06823712
837,353,4,0.059807457
838,355,0,0.43069196
838,355,1,0.23641
838,355,2,0.10987801
838,355,3,0.16319951
838,355,4,0.059820607
839,340,0,0.1304569
839,340,1,0.032532763
839,340,2,0.25229758
839,340,3,0.5344697
839,340,4,0.05024302
840,341,0,0.66226786
840,341,1,0.047837403
840,341,2,0.13567752
840,341,3,0.08034086
840,341,4,0.07387639
841,343,0,0.29742864
841,343,1,0.019858072
841,343,2,0.61780804
841,343,3,0.033561595
841,343,4,0.03134352
842,344,0,0.45064396
842,344,1,0.032534312
842,344,2,0.411932
842,344,3,0.054642122
842,344,4,0.05024764
843,327,0,0.16690707
843,327,1,0.028049756
843,327,2,0.43937775
843,327,3,0.047111515
843,327,4,0.3185539
844,328,0,0.2198663
844,328,1,0.024650468
844,328,2,0.67600435
844,328,3,0.0414049
844,328,4,0.038073987
845,331,0,0.6299203
845,331,1,0.022095365
845,331,2,0.27674398
845,331,3,0.037290554
845,331,4,0.03394981
846,314,0,0.327522
846,314,1,0.47403944
846,314,2,0.09229034
846,314,3,0.055900976
846,314,4,0.050247286
847,315,0,0.7011103
847,315,1,0.024648475
847,315,2,0.07379501
847,315,3,0.16237803
847,315,4,0.03806811
848,309,0,0.53767735
848,309,1,0.038738973
848,309,2,0.10992785
848,309,3,0.065072805
848,309,4,0.248583
849,307,0,0.77027345
849,307,1,0.032535292
849,307,2,0.092296176
849,307,3,0.054644916
849,307,4,0.050250143
850,305,0,0.1704366
850,305,1,0.032532573
850,305,2,0.6921535
850,305,3,0.054635793
850,305,4,0.05024154
851,298,0,0.68803036
851,298,1,0.021984812
851,298,2,0.066099726
851,298,3,0.1899264
851,298,4,0.033958763
852,299,0,0.43322814
852,299,1,0.022871811
852,299,2,0.3494517
852,299,3,0.16049123
852,299,4,0.03395711
853,292,0,0.3196318
853,292,1,0.038729027
853,292,2,0.1360341
853,292,3,0.07940309
853,292,4,0.42620203
854,283,0,0.107665665
854,283,1,0.024649173
854,283,2,0.5461943
854,283,3,0.041753035
854,283,4,0.2797378
855,284,0,0.16808484
855,284,1,0.03253986
855,284,2,0.2506816
855,284,3,0.054657966
855,284,4,0.4940357
856,289,0,0.5583889
856,289,1,0.06255261
856,289,2,0.17740847
856,289,3,0.10504957
856,289,4,0.096600465
857,281,0,0.22131895
857,281,2,0.21256924
857,281,3,0.037874058
857,281,4,0.52291626
858,282,0,0.34085697
858,282,1,0.024649452
858,282,2,0.1910551
858,282,3,0.40536687
858,282,4,0.03807166
859,278,0,0.84361434
859,278,1,0.021984002
859,278,2,0.062896915
859,278,3,0.03733358
859,278,4,0.03417112
860,271,0,0.7828062
860,271,1,0.028046006
860,271,2,0.096268594
860,271,3,0.049565148
860,271,4,0.04331408
861,267,0,0.37610295
861,267,1,0.02464938
861,267,2,0.5194933
861,267,3,0.041670706
861,267,4,0.038083617
862,252,0,0.12252984
862,252,1,0.028150903
862,252,2,0.6206851
862,252,3,0.0475086
862,252,4,0.1811255
863,253,0,0.093322195
863,253,1,0.021987574
863,253,2,0.70655286
863,253,3,0.037145875
863,253,4,0.1409915
864,255,0,0.25077534
864,255,1,0.06255232
864,255,2,0.48502392
864,255,3,0.10504866
864,255,4,0.09659975
865,259,0,0.32415676
865,259,1,0.024685245
865,259,2,0.3903058
865,259,3,0.04154736
865,259,4,0.21930481
866,260,0,0.5948897
866,260,1,0.02875654
866,260,2,0.07957974
866,260,3,0.25345144
866,260,4,0.043322608
867,261,0,0.37243167
867,261,1,0.019975936
867,261,2,0.06344288
867,261,3,0.51350886
867,261,4,0.030640732
868,247,0,0.62006795
868,247,1,0.021983948
868,247,2,0.1704088
868,247,3,0.1535861
868,247,4,0.033953227
869,236,0,0.28942153
869,236,1,0.032540973
869,236,2,0.09233798
869,236,3,0.05466338
869,236,4,0.5310361
870,238,0,0.55167145
870,238,1,0.024653072
870,238,2,0.2230805
870,238,3,0.04140078
870,238,4,0.15919422
871,224,0,0.29792163
871,224,1,0.032532085
871,224,2,0.18258132
871,224,3,0.43672365
871,224,4,0.05024132
872,227,0,0.65592223
872,227,1,0.028049134
872,227,2,0.08392403
872,227,3,0.051602054
872,227,4,0.18050258
873,228,0,0.5680825
873,228,1,0.03254039
873,228,2,0.13637437
873,228,3,0.054659966
873,228,4,0.2083428
874,215,0,0.44656757
874,215,1,0.032531545
874,215,2,0.09611694
874,215,3,0.3723948
874,215,4,0.052389164
875,217,0,0.33627024
875,217,1,0.032537382
875,217,2,0.52577966
875,217,3,0.05516133
875,217,4,0.05025135
876,218,0,0.8222557
876,218,1,0.024647133
876,218,2,0.073637724
876,218,3,0.04139452
876,218,4,0.038064938
877,221,0,0.30442068
877,221,1,0.021983588
877,221,2,0.19123748
877,221,3,0.34043685
877,221,4,0.14192137
878,209,0,0.19196452
878,209,1,0.032542918
878,209,2,0.09422815
878,209,3,0.6310212
878,209,4,0.05024323
879,211,0,0.18760858
879,211,1,0.019843584
879,211,2,0.63253903
879,211,3,0.12861142
879,211,4,0.031397335
880,212,0,0.33036342
880,212,1,0.022110594
880,212,2,0.23907459
880,212,3,0.37449253
880,212,4,0.033958863
881,214,0,0.6491029
881,214,1,0.029007228
881,214,2,0.08000618
881,214,3,0.05001018
881,214,4,0.19187355
882,207,0,0.6327137
882,207,1,0.021984331
882,207,2,0.14974417
882,207,3,0.038609136
882,207,4,0.15694858
883,208,0,0.16593103
883,208,1,0.028047243
883,208,2,0.07956265
883,208,3,0.68282604
883,208,4,0.043633025
884,198,0,0.25110433
884,198,1,0.3036124
884,198,2,0.35486153
884,198,3,0.04710564
884,198,4,0.043316107
885,192,0,0.5925349
885,192,1,0.107108675
885,192,2,0.15391062
885,192,3,0.118516564
885,192,4,0.027929222
886,195,0,0.41070655
886,195,1,0.024647122
886,195,2,0.08519335
886,195,3,0.44138744
886,195,4,0.038065534
887,188,0,0.19186796
887,188,1,0.047840815
887,188,2,0.135704
887,188,3,0.08034801
887,188,4,0.5442393
888,183,0,0.25022355
888,183,1,0.02805482
888,183,2,0.35573772
888,183,3,0.18501441
888,183,4,0.18096946
889,175,0,0.3712854
889,175,1,0.14569806
889,175,2,0.25892743
889,175,3,0.1860126
889,175,4,0.038076468
890,169,0,0.45122764
890,169,1,0.03253837
890,169,2,0.0923187
890,169,3,0.37143958
890,169,4,0.05247572
891,166,0,0.60970914
891,166,1,0.19304073
891,166,2,0.09233022
891,166,3,0.05465787
891,166,4,0.050262086
892,167,0,0.19186983
892,167,1,0.047842365
892,167,2,0.13571462
892,167,3,0.31525937
892,167,4,0.30931386
893,154,0,0.8259404
893,154,1,0.024649842
893,154,2,0.06993278
893,154,3,0.041402157
893,154,4,0.038074907
894,156,0,0.17236993
894,156,1,0.028052837
894,156,2,0.29538462
894,156,3,0.32273677
894,156,4,0.18145588
895,157,0,0.40732038
895,157,1,0.28451538
895,157,2,0.07959501
895,157,3,0.047120858
895,157,4,0.18144833
896,159,0,0.38059488
896,159,1,0.028742172
896,159,2,0.08843818
896,159,3,0.18371452
896,159,4,0.31851023
897,160,0,0.52064437
897,160,1,0.022124916
897,160,2,0.06645998
897,160,3,0.3568177
897,160,4,0.033953026
898,138,0,0.42706633
898,138,1,0.04783754
898,138,2,0.13567853
898,138,3,0.08033869
898,138,4,0.30907896
899,142,0,0.14377303
899,142,1,0.19203708
899,142,2,0.124877684
899,142,3,0.4878758
899,142,4,0.051436342
900,135,0,0.72657025
900,135,1,0.038734406
900,135,2,0.10984532
900,135,3,0.0650406
900,135,4,0.059809398
901,136,0,0.38638437
901,136,1,0.028048545
901,136,2,0.27190796
901,136,3,0.26848096
901,136,4,0.0451782
902,137,0,0.17578338
902,137,1,0.019839223
902,137,2,0.05627873
902,137,3,0.033320747
902,137,4,0.71477795
903,132,0,0.7985607
903,132,1,0.028044993
903,132,2,0.08298335
903,132,3,0.047099497
903,132,4,0.04331144
904,116,0,0.44910988
904,116,1,0.032924168
904,116,2,0.09228642
904,116,3,0.055943597
904,116,4,0.36973587
905,118,0,0.5583889
905,118,1,0.06255261
905,118,2,0.17740847
905,118,3,0.10504957
905,118,4,0.096600465
906,120,0,0.45492658
906,120,1,0.028046353
906,120,2,0.07955361
906,120,3,0.2564145
906,120,4,0.18105888
907,123,0,0.35623506
907,123,1,0.12995091
907,123,2,0.44293922
907,123,3,0.0369217
907,123,4,0.033953067
908,105,0,0.66228014
908,105,1,0.047836702
908,105,2,0.13567232
908,105,3,0.080336034
908,105,4,0.0738747
909,108,0,0.49820337
909,108,1,0.028047688
909,108,2,0.21709363
909,108,3,0.047107227
909,108,4,0.20954812
910,109,0,0.61097574
910,109,1,0.032533567
910,109,2,0.25160542
910,109,3,0.05464
910,109,4,0.050245263
911,112,0,0.18379484
911,112,1,0.4212073
911,112,2,0.30340904
911,112,3,0.048278924
911,112,4,0.0433099
912,114,0,0.42038423
912,114,1,0.03253301
912,114,2,0.25220478
912,114,3,0.24463496
912,114,4,0.050243072
913,102,0,0.66224444
913,102,1,0.047839236
913,102,2,0.13569167
913,102,3,0.08034339
913,102,4,0.073881194
914,99,0,0.6622535
914,99,1,0.04784774
914,99,2,0.1356813
914,99,3,0.08033955
914,99,4,0.07387784
915,88,0,0.42985368
915,88,1,0.19906503
915,88,2,0.06270896
915,88,3,0.27442318
915,88,4,0.033949196
916,82,0,0.55477005
916,82,1,0.019837946
916,82,2,0.16059202
916,82,3,0.23321944
916,82,4,0.031580597
917,79,0,0.15644462
917,79,1,0.32465577
917,79,2,0.06236308
917,79,3,0.22545616
917,79,4,0.23108037
918,73,0,0.5245783
918,73,1,0.038730074
918,73,2,0.12206099
918,73,3,0.25481415
918,73,4,0.059816457
919,61,0,0.4624368
919,61,1,0.02464693
919,61,2,0.31227255
919,61,3,0.16257915
919,61,4,0.038064506
920,63,0,0.5346919
920,63,1,0.039651655
920,63,2,0.10984812
920,63,3,0.06556695
920,63,4,0.25024134
921,64,0,0.8434565
921,64,1,0.022318965
921,64,2,0.062347014
921,64,3,0.037782755
921,64,4,0.03409483
922,65,0,0.42706096
922,65,1,0.047837652
922,65,2,0.13567919
922,65,3,0.08033894
922,65,4,0.30908334
923,67,0,0.26449338
923,67,1,0.04783781
923,67,2,0.53345805
923,67,3,0.08033605
923,67,4,0.07387475
924,68,0,0.62757707
924,68,1,0.2382413
924,68,2,0.06330679
924,68,3,0.03692211
924,68,4,0.033952672
925,56,0,0.61114246
925,56,1,0.03253397
925,56,2,0.09228773
925,56,3,0.054641075
925,56,4,0.2093948
926,57,0,0.43597224
926,57,1,0.02464685
926,57,2,0.19103023
926,57,3,0.31028643
926,57,4,0.038064227
927,53,0,0.23366103
927,53,1,0.02804656
927,53,2,0.4527643
927,53,3,0.24221253
927,53,4,0.04331552
928,50,0,0.77031386
928,50,1,0.0325324
928,50,2,0.092275284
928,50,3,0.05463644
928,50,4,0.050241966
929,51,0,0.42794976
929,51,1,0.14464268
929,51,2,0.08509921
929,51,3,0.17386393
929,51,4,0.1684445
930,45,0,0.5266243
930,45,1,0.028118799
930,45,2,0.07955732
930,45,3,0.32238415
930,45,4,0.043315493
931,25,0,0.6598232
931,25,1,0.047836836
931,25,2,0.13567346
931,25,3,0.082791425
931,25,4,0.07387509
932,28,0,0.4990216
932,28,1,0.02823924
932,28,2,0.07954935
932,28,3,0.34987706
932,28,4,0.043312747
933,30,0,0.18333802
933,30,1,0.038730673
933,30,2,0.44307628
933,30,3,0.27503595
933,30,4,0.059819043
934,31,0,0.3768892
934,31,1,0.024646886
934,31,2,0.51900584
934,31,3,0.041393824
934,31,4,0.038064323
935,17,0,0.7207749
935,17,1,0.039415643
935,17,2,0.10983596
935,17,3,0.07016757
935,17,4,0.05980596
936,12,0,0.275357
936,12,1,0.03872932
936,12,2,0.10985818
936,12,3,0.32574615
936,12,4,0.25030932
937,13,0,0.36215368
937,13,1,0.4859075
937,13,2,0.0699132
937,13,3,0.041394733
937,13,4,0.040630937
938,14,0,0.17742519
938,14,1,0.028047292
938,14,2,0.56660646
938,14,3,0.047517184
938,14,4,0.1804039
